-- Adminer 4.8.2-dev MySQL 8.0.23 dump

SET NAMES utf8;
SET time_zone = '+00:00';
SET foreign_key_checks = 0;
SET sql_mode = 'NO_AUTO_VALUE_ON_ZERO';

DELIMITER ;;

DROP FUNCTION IF EXISTS `FIND_IN_SET_X`;;
CREATE FUNCTION `FIND_IN_SET_X`(inputList TEXT,targetList TEXT) RETURNS int
    DETERMINISTIC
BEGIN
  DECLARE limitCount INT DEFAULT 0 ;
  DECLARE counter INT DEFAULT 0 ;
  DECLARE res INT DEFAULT 0 ;
  DECLARE temp TEXT ;
  SET limitCount = 1 + LENGTH(inputList) - LENGTH(REPLACE(inputList, ',', '')) ;
  simple_loop :
  LOOP
    SET counter = counter + 1 ;
    SET temp = SUBSTRING_INDEX(SUBSTRING_INDEX(inputList, ',', counter),',',- 1) ;
    SET res = FIND_IN_SET(temp, targetList) ;
    IF res > 0 
    THEN LEAVE simple_loop ;
    END IF ;
    IF counter = limitCount 
    THEN LEAVE simple_loop ;
    END IF ;
  END LOOP simple_loop ;
  RETURN res ;
END;;

DELIMITER ;

SET NAMES utf8mb4;

DROP TABLE IF EXISTS `Permission`;
CREATE TABLE `Permission` (
  `id` int NOT NULL AUTO_INCREMENT,
  `name` varchar(255) NOT NULL,
  `view_edit_assign_item` int NOT NULL DEFAULT '2',
  `admin_settings` int NOT NULL DEFAULT '2',
  `delete` int NOT NULL DEFAULT '2',
  `add` int NOT NULL DEFAULT '2',
  `view` int NOT NULL DEFAULT '2',
  `comments` int NOT NULL DEFAULT '2',
  `upload` int NOT NULL DEFAULT '2',
  `created_at` timestamp NOT NULL ON UPDATE CURRENT_TIMESTAMP,
  PRIMARY KEY (`id`)
) ENGINE=InnoDB DEFAULT CHARSET=utf8mb4 COLLATE=utf8mb4_0900_ai_ci;

INSERT INTO `Permission` (`id`, `name`, `view_edit_assign_item`, `admin_settings`, `delete`, `add`, `view`, `comments`, `upload`, `created_at`) VALUES
(1,	'Admin',	1,	1,	1,	1,	1,	1,	1,	'2022-02-08 11:53:25'),
(2,	'Author',	2,	2,	1,	1,	1,	1,	1,	'2022-02-08 11:53:25'),
(3,	'Contributor',	2,	2,	2,	1,	1,	1,	1,	'2022-02-08 11:53:26'),
(4,	'Viewer',	2,	2,	2,	2,	1,	1,	1,	'2022-02-08 11:53:26'),
(5,	'Guest',	1,	2,	2,	2,	2,	1,	1,	'2022-02-08 11:31:27');

DROP TABLE IF EXISTS `job`;
CREATE TABLE `job` (
  `id` int NOT NULL AUTO_INCREMENT,
  `name` varchar(255) NOT NULL,
  PRIMARY KEY (`id`)
) ENGINE=InnoDB DEFAULT CHARSET=utf8mb4 COLLATE=utf8mb4_0900_ai_ci;

INSERT INTO `job` (`id`, `name`) VALUES
(1,	'consultant'),
(2,	'Agriculture'),
(3,	'Construction'),
(4,	'Information Technology'),
(5,	'Public Administration');

DROP TABLE IF EXISTS `tbl_action`;
CREATE TABLE `tbl_action` (
  `id` int NOT NULL AUTO_INCREMENT,
  `user_id` int NOT NULL,
  `org_id` int NOT NULL,
  `action_title` varchar(255) NOT NULL,
  `date_assigned` date NOT NULL,
  `assigned_to` int NOT NULL,
  `description` text NOT NULL,
  `action_status` varchar(255) NOT NULL,
  `priority` varchar(255) NOT NULL,
  `expected_closure_date` date NOT NULL,
  `next_action_date` date NOT NULL,
  `recurrence` int NOT NULL DEFAULT '1' COMMENT '1 - yes, 2 - no',
  `status` int NOT NULL COMMENT '0 - todo, 1 - in progress, 2 - complete, 3 -  on hold',
  `due_date` datetime NOT NULL,
  `next_review_date` datetime NOT NULL,
  `visible_to` varchar(255) NOT NULL,
  `updated_date` datetime NOT NULL,
  `created_date` datetime NOT NULL,
  PRIMARY KEY (`id`)
) ENGINE=InnoDB DEFAULT CHARSET=utf8;

INSERT INTO `tbl_action` (`id`, `user_id`, `org_id`, `action_title`, `date_assigned`, `assigned_to`, `description`, `action_status`, `priority`, `expected_closure_date`, `next_action_date`, `recurrence`, `status`, `due_date`, `next_review_date`, `visible_to`, `updated_date`, `created_date`) VALUES
(1,	1,	1,	'action title update',	'2022-02-04',	0,	'this is test action',	'In Progress',	'High',	'2022-02-03',	'2022-02-05',	1,	1,	'2022-03-02 00:00:00',	'2022-03-12 00:00:00',	'1,2,3',	'2022-05-13 00:00:00',	'2022-03-15 00:00:00'),
(2,	1,	1,	'action title 1',	'2022-02-04',	43,	'this is test action',	'Completed',	'Cancelled',	'2022-02-03',	'2022-02-05',	1,	2,	'2022-05-31 00:00:00',	'2022-05-31 00:00:00',	'',	'2022-05-11 00:00:00',	'2022-03-28 00:00:00'),
(3,	1,	1,	'action title 1',	'2022-02-04',	2,	'this is test action',	'To Do',	'high',	'2022-02-03',	'2022-02-05',	1,	0,	'2022-05-31 00:00:00',	'2022-06-11 00:00:00',	'',	'2022-05-13 00:00:00',	'2022-03-28 00:00:00'),
(4,	1,	1,	'Action Title 1',	'2022-03-31',	43,	'dummy description of action',	'Open',	'On hold',	'2022-03-31',	'2022-03-31',	1,	0,	'0000-00-00 00:00:00',	'0000-00-00 00:00:00',	'',	'0000-00-00 00:00:00',	'2022-03-30 00:00:00'),
(5,	1,	1,	'Action Title 2',	'2022-12-25',	0,	'dummy description of action',	'Completed',	'On hold',	'2022-03-24',	'2022-03-31',	1,	0,	'0000-00-00 00:00:00',	'0000-00-00 00:00:00',	'',	'0000-00-00 00:00:00',	'2022-03-30 00:00:00'),
(6,	1,	1,	'Load the trailer',	'2022-04-08',	4,	'Load and confirm',	'In progress',	'Open',	'2022-04-09',	'2022-04-01',	1,	0,	'0000-00-00 00:00:00',	'0000-00-00 00:00:00',	'',	'0000-00-00 00:00:00',	'2022-03-30 00:00:00'),
(7,	1,	1,	'action title 1',	'2022-02-04',	1,	'this is test action',	'In progress',	'high',	'2022-02-03',	'2022-02-05',	1,	0,	'0000-00-00 00:00:00',	'0000-00-00 00:00:00',	'',	'0000-00-00 00:00:00',	'2022-04-01 00:00:00'),
(8,	1,	1,	'Action Title 1',	'2022-04-01',	39,	'Complete registration',	'Closed',	'In progress',	'2022-09-09',	'2022-09-09',	1,	0,	'0000-00-00 00:00:00',	'0000-00-00 00:00:00',	'',	'0000-00-00 00:00:00',	'2022-04-01 00:00:00'),
(9,	1,	1,	'Action adding to progress',	'2022-04-02',	39,	'action description',	'Closed',	'Cancelled',	'2022-04-28',	'2022-04-27',	1,	0,	'0000-00-00 00:00:00',	'0000-00-00 00:00:00',	'',	'0000-00-00 00:00:00',	'2022-04-02 00:00:00'),
(10,	1,	1,	'complete action',	'2022-04-02',	61,	'action is completed',	'Closed',	'Low',	'2022-04-28',	'2022-04-23',	1,	0,	'0000-00-00 00:00:00',	'0000-00-00 00:00:00',	'',	'0000-00-00 00:00:00',	'2022-04-02 00:00:00'),
(11,	1,	1,	'Renew Insurance',	'2022-04-02',	39,	'Renew current business insurance',	'In progress',	'Cancelled',	'2022-04-23',	'2022-04-30',	1,	0,	'0000-00-00 00:00:00',	'0000-00-00 00:00:00',	'',	'0000-00-00 00:00:00',	'2022-04-02 00:00:00'),
(12,	1,	1,	'Action Title',	'2022-04-04',	6,	'This is decription',	'In Progress',	'Medium',	'2022-04-13',	'2022-04-12',	1,	1,	'2022-05-15 00:00:00',	'2022-05-15 00:00:00',	'',	'2022-04-15 00:00:00',	'2022-04-04 00:00:00'),
(13,	1,	1,	'Update policy',	'2022-04-04',	6,	'Insurance needs to be updated',	'Completed',	'Medium',	'2022-07-30',	'2022-04-30',	1,	0,	'2022-04-30 00:00:00',	'2022-04-28 00:00:00',	'',	'2022-04-27 00:00:00',	'2022-04-04 00:00:00'),
(14,	1,	1,	'In progress action',	'2022-04-06',	39,	'a dummy description',	'To Do',	'Critical',	'2022-04-08',	'2022-04-08',	1,	0,	'2022-04-20 00:00:00',	'2022-04-21 00:00:00',	'',	'2022-05-02 00:00:00',	'2022-04-06 00:00:00'),
(15,	1,	1,	'Completed Action',	'2022-04-06',	68,	'action description',	'Completed',	'Low',	'2022-04-08',	'2022-04-08',	1,	2,	'2022-05-15 00:00:00',	'2022-05-15 00:00:00',	'',	'2022-05-02 00:00:00',	'2022-04-06 00:00:00'),
(16,	1,	1,	'Update the registration details',	'2022-04-08',	6,	'Registration is due on the 20th of April.',	'On Hold',	'Critical',	'2022-04-30',	'2022-05-07',	1,	3,	'2022-04-29 00:00:00',	'2022-04-28 00:00:00',	'',	'2022-04-28 00:00:00',	'2022-04-08 00:00:00'),
(17,	1,	1,	'Organise Town halls',	'2022-04-09',	71,	'Organise townhalls',	'On Hold',	'High',	'2022-04-16',	'2022-04-12',	1,	3,	'2022-04-21 00:00:00',	'2022-04-29 00:00:00',	'',	'2022-04-28 00:00:00',	'2022-04-09 00:00:00'),
(18,	1,	1,	'action title 1',	'2022-04-12',	74,	'this is test action',	'Completed',	'high',	'2022-02-03',	'2022-02-05',	0,	2,	'2022-03-02 00:00:00',	'2022-03-12 00:00:00',	'1,2,3',	'2022-05-03 00:00:00',	'2022-04-12 00:00:00'),
(19,	1,	1,	'Review Contract',	'2022-04-12',	73,	'this is test action',	'To Do',	'Medium',	'2022-02-03',	'2022-02-05',	1,	0,	'2022-03-02 00:00:00',	'2022-03-12 00:00:00',	'1,2,3',	'2022-05-04 00:00:00',	'2022-04-12 00:00:00'),
(20,	1,	1,	'adding action',	'2022-04-14',	69,	'writing description',	'Delayed',	'Critical',	'2022-02-03',	'2022-04-30',	1,	4,	'2022-04-30 00:00:00',	'2022-04-14 00:00:00',	'0',	'2022-04-14 00:00:00',	'2022-04-14 00:00:00'),
(21,	1,	1,	'adding new action',	'2022-04-14',	71,	'action dummy descriptions',	'To Do',	'Critical',	'2022-02-03',	'2022-04-30',	1,	0,	'2022-05-01 00:00:00',	'2022-04-14 00:00:00',	'0',	'2022-05-03 00:00:00',	'2022-04-14 00:00:00'),
(22,	1,	1,	'Renew Business Registration',	'2022-04-17',	6,	'Current registration with ASIC needs to be renewed',	'On Hold',	'High',	'2022-02-03',	'2022-04-30',	1,	3,	'2022-04-30 00:00:00',	'2022-04-30 00:00:00',	'0',	'2022-04-28 00:00:00',	'2022-04-17 00:00:00'),
(23,	1,	1,	'perform penetration testingss',	'2022-04-28',	71,	'Perform pen testing',	'Delayed',	'Critical',	'2022-02-03',	'2022-05-12',	1,	4,	'2022-05-09 00:00:00',	'2022-05-11 00:00:00',	'0',	'2022-05-04 00:00:00',	'2022-04-28 00:00:00'),
(24,	1,	1,	'Adding action to ToDo',	'2022-05-02',	74,	'adding action in todo',	'In Progress',	'High',	'2022-02-03',	'2022-05-21',	1,	1,	'2022-05-27 00:00:00',	'2022-05-27 00:00:00',	'0',	'2022-05-03 00:00:00',	'2022-05-02 00:00:00'),
(25,	1,	1,	'Update policy',	'2022-05-02',	6,	'hjohhouhuhuhuhuhuh',	'In Progress',	'Critical',	'2022-02-03',	'2022-05-31',	1,	1,	'2022-05-21 00:00:00',	'2022-05-31 00:00:00',	'0',	'2022-05-04 00:00:00',	'2022-05-02 00:00:00'),
(26,	1,	1,	'adding action ToDO',	'2022-05-04',	28,	'action description of action',	'To Do',	'High',	'2022-02-03',	'2022-06-04',	1,	0,	'2022-05-28 00:00:00',	'2022-05-28 00:00:00',	'0',	'2022-05-04 00:00:00',	'2022-05-04 00:00:00'),
(27,	1,	1,	'action title 1',	'2022-05-04',	49,	'this is test action',	'open',	'high',	'2022-02-03',	'2022-02-05',	1,	1,	'2022-03-02 00:00:00',	'2022-03-12 00:00:00',	'1,2,3',	'2022-05-04 00:00:00',	'2022-05-04 00:00:00'),
(28,	1,	1,	'adding action to complete',	'2022-05-04',	74,	'description of adding action',	'Completed',	'High',	'2022-02-03',	'2022-05-28',	1,	2,	'2022-05-28 00:00:00',	'2022-05-28 00:00:00',	'0',	'2022-05-04 00:00:00',	'2022-05-04 00:00:00'),
(29,	1,	1,	'complete action',	'2022-05-04',	6,	'complete action',	'In Progress',	'Critical',	'2022-02-03',	'2022-05-27',	1,	1,	'2022-05-22 00:00:00',	'2022-05-31 00:00:00',	'0',	'2022-05-05 00:00:00',	'2022-05-04 00:00:00'),
(30,	1,	1,	'action title 1',	'2022-05-04',	62,	'this is test action',	'In Progress',	'high',	'2022-02-03',	'2022-02-05',	1,	1,	'2022-03-02 00:00:00',	'2022-03-12 00:00:00',	'1,2,3',	'2022-05-07 00:00:00',	'2022-05-04 00:00:00'),
(31,	1,	1,	'action adding to risk',	'2022-05-04',	75,	'description of action',	'To Do',	'High',	'2022-02-03',	'2022-05-31',	1,	0,	'2022-05-31 00:00:00',	'2022-05-31 00:00:00',	'0',	'2022-05-04 00:00:00',	'2022-05-04 00:00:00'),
(32,	1,	1,	'action adding to risk',	'2022-05-04',	75,	'description of action',	'Completed',	'High',	'2022-02-03',	'2022-05-31',	1,	2,	'2022-05-31 00:00:00',	'2022-05-31 00:00:00',	'0',	'2022-05-10 00:00:00',	'2022-05-04 00:00:00'),
(34,	1,	1,	'adding action in risk',	'2022-05-04',	73,	'description of action',	'Completed',	'Critical',	'2022-02-03',	'2022-06-04',	1,	2,	'2022-06-04 00:00:00',	'2022-06-04 00:00:00',	'0',	'2022-05-09 00:00:00',	'2022-05-04 00:00:00'),
(39,	1,	1,	'Load the trailer',	'2022-05-05',	61,	'Make sure the trailer has the right parts required for the site',	'Completed',	'Medium',	'2022-02-03',	'2022-06-03',	1,	2,	'2022-05-26 00:00:00',	'2022-05-26 00:00:00',	'0',	'2022-05-25 00:00:00',	'2022-05-05 00:00:00'),
(40,	1,	1,	'This is a action for covid lockdown risk',	'2022-05-07',	75,	'This is an action for covid lockdown risk. To manage the situation on time and get the results effectively and efficiently. please get it done by the due date and put it for review.\n\n\nThanks!',	'In Progress',	'Critical',	'2022-02-03',	'2022-05-16',	1,	1,	'2022-05-15 00:00:00',	'2022-05-14 00:00:00',	'0',	'2022-05-19 00:00:00',	'2022-05-07 00:00:00'),
(41,	1,	1,	'Purchase new McAfee Licenses',	'2022-05-09',	61,	'Purchase new AV licenses ',	'To Do',	'Critical',	'2022-02-03',	'2022-05-13',	1,	0,	'2022-05-13 00:00:00',	'2022-05-17 00:00:00',	'0',	'2022-05-09 00:00:00',	'2022-05-09 00:00:00'),
(43,	1,	1,	'Add new padlocks',	'2022-05-13',	89,	'Need to get padlocks from Bunnings.',	'In Progress',	'High',	'2022-02-03',	'2022-05-21',	1,	1,	'2022-05-20 00:00:00',	'2022-05-12 00:00:00',	'0',	'2022-05-16 00:00:00',	'2022-05-13 00:00:00'),
(44,	1,	1,	'adding action to risk no 45',	'2022-05-16',	74,	'description of actions',	'Completed',	'High',	'2022-02-03',	'2022-06-16',	1,	2,	'2022-06-16 00:00:00',	'2022-05-15 00:00:00',	'0',	'2022-05-16 00:00:00',	'2022-05-16 00:00:00'),
(45,	1,	1,	'adding Action',	'2022-05-16',	74,	'descrition of action',	'To Do',	'High',	'2022-02-03',	'2022-05-31',	1,	0,	'2022-05-31 00:00:00',	'2022-05-15 00:00:00',	'0',	'2022-05-16 00:00:00',	'2022-05-16 00:00:00'),
(47,	1,	1,	'Review the new regulations and the requirements',	'2022-05-19',	84,	'HAZ-111000 has to be reviewed in light of the changes',	'In Progress',	'High',	'2022-02-03',	'2022-05-27',	1,	1,	'2022-05-22 00:00:00',	'2022-05-29 00:00:00',	'0',	'2022-05-23 00:00:00',	'2022-05-19 00:00:00'),
(48,	1,	1,	'Look up the new regulations',	'2022-05-25',	84,	'Look through the hazard list and confirm regulations',	'In Progress',	'Critical',	'2022-02-03',	'2022-06-01',	1,	1,	'2022-06-02 00:00:00',	'2022-05-24 00:00:00',	'0',	'2022-05-26 00:00:00',	'2022-05-25 00:00:00'),
(49,	1,	1,	'Regularly backup your important data',	'2022-05-26',	61,	'Regularly backup your important data',	'To Do',	'High',	'2022-02-03',	'2022-05-29',	1,	0,	'2022-05-28 00:00:00',	'2022-06-05 00:00:00',	'0',	'2022-05-26 00:00:00',	'2022-05-26 00:00:00'),
(50,	1,	1,	'Conduct cyber training',	'2022-05-26',	75,	'Run training with staff',	'To Do',	'High',	'2022-02-03',	'2022-05-12',	1,	0,	'2022-06-26 00:00:00',	'2022-05-28 00:00:00',	'0',	'2022-05-26 00:00:00',	'2022-05-26 00:00:00'),
(51,	1,	1,	'Create access control for all files and folders',	'2022-05-26',	89,	'Create access control for all files and folders - don\'t leave everything open ',	'To Do',	'Critical',	'2022-02-03',	'2022-06-30',	1,	0,	'2023-03-10 00:00:00',	'2022-11-03 00:00:00',	'0',	'2022-05-26 00:00:00',	'2022-05-26 00:00:00'),
(52,	1,	1,	'monitor and manage quality and performance of key suppliers',	'2022-05-27',	75,	'monitor and manage quality and performance of key suppliers ',	'To Do',	'Critical',	'2022-02-03',	'2022-06-10',	1,	0,	'2022-06-02 00:00:00',	'2022-05-26 00:00:00',	'0',	'2022-05-27 00:00:00',	'2022-05-27 00:00:00'),
(53,	1,	1,	'Risks are managed with contracts or obligations.',	'2022-05-27',	61,	'Change contarct terms',	'In Progress',	'Critical',	'2022-02-03',	'2022-07-28',	1,	1,	'2022-06-10 00:00:00',	'2022-05-26 00:00:00',	'0',	'2022-05-27 00:00:00',	'2022-05-27 00:00:00');

DROP TABLE IF EXISTS `tbl_action_comments`;
CREATE TABLE `tbl_action_comments` (
  `id` int NOT NULL AUTO_INCREMENT,
  `user_id` int NOT NULL,
  `org_id` int NOT NULL,
  `action_id` int NOT NULL,
  `message` text CHARACTER SET utf8mb4 COLLATE utf8mb4_0900_ai_ci NOT NULL,
  `created_at` datetime NOT NULL,
  PRIMARY KEY (`id`)
) ENGINE=InnoDB DEFAULT CHARSET=utf8mb4 COLLATE=utf8mb4_0900_ai_ci;

INSERT INTO `tbl_action_comments` (`id`, `user_id`, `org_id`, `action_id`, `message`, `created_at`) VALUES
(1,	1,	1,	1,	'this is test message updateeeeeeeeeee',	'2022-04-28 00:00:00'),
(2,	1,	1,	1,	'this is test message',	'2022-04-30 00:00:00'),
(4,	1,	1,	45,	'adding new comment for testing',	'2022-05-02 00:00:00'),
(5,	1,	1,	45,	'hey there whta djfoisheb',	'2022-05-02 00:00:00'),
(10,	1,	1,	47,	'adding new comment',	'2022-05-02 00:00:00'),
(11,	1,	1,	47,	'adding new comment',	'2022-05-02 00:00:00'),
(12,	1,	1,	47,	'This needs to be reviewed again ',	'2022-05-02 00:00:00'),
(13,	1,	1,	5,	'This needs to be reviewed again ',	'2022-05-02 00:00:00'),
(14,	75,	1,	40,	'Hello editting first comment again editing',	'2022-05-03 00:00:00'),
(15,	75,	1,	40,	'second comment editting',	'2022-05-03 00:00:00'),
(16,	75,	1,	40,	'this is third comment editting',	'2022-05-03 00:00:00'),
(17,	75,	1,	40,	'this is fourth comment editting',	'2022-05-03 00:00:00'),
(18,	75,	1,	40,	'editing is working fine',	'2022-05-03 00:00:00'),
(19,	1,	1,	1,	'this is test message',	'2022-05-04 00:00:00'),
(20,	1,	1,	1,	'this is test message',	'2022-05-04 00:00:00'),
(21,	1,	1,	1,	'this is test message',	'2022-05-04 00:00:00'),
(22,	1,	1,	1,	'this is test message',	'2022-05-04 00:00:00'),
(23,	1,	1,	1,	'hi 😀😊😆😆🏷️🔖🔖',	'2022-05-04 00:00:00'),
(24,	1,	1,	1,	'hi 😀😊😆😆🏷️🔖🔖🥰🥰🥰🥰😃👝🦈🔖🦸🏻‍♂️🛍️👜🧓🏻🧓🏻👎🏻👉🏻👉🏻👉🏻🇾🇪🍋🍋😇😇😇😇😇😇😇😇😇😇😇',	'2022-05-04 00:00:00'),
(25,	1,	1,	1,	'hi 😀😊😆😆🏷️🔖🔖🥰🥰🥰🥰😃👝🦈🔖🦸🏻‍♂️🛍️👜🧓🏻🧓🏻👎🏻👉🏻👉🏻👉🏻🍋🍋😇😇😇😇😇😇😇😇😇😇😇',	'2022-05-04 00:00:00'),
(26,	1,	1,	1,	'hi 😀😊😆😆🏷️🔖🔖🥰🥰🥰🥰😃👝🦈🔖🛍️👜🧓🏻🧓🏻👎🏻👉🏻👉🏻👉🏻🍋🍋😇😇😇😇😇😇😇😇😇😇😇',	'2022-05-04 00:00:00'),
(27,	75,	1,	34,	'adding action comment second time',	'2022-05-04 00:00:00'),
(28,	1,	1,	33,	'action is completed',	'2022-05-04 00:00:00'),
(29,	1,	1,	38,	'This needs to be reviewed again ',	'2022-05-05 00:00:00'),
(32,	1,	1,	40,	'is it completed @mobin??',	'2022-05-07 00:00:00'),
(33,	1,	1,	42,	'this is a test comment for action',	'2022-05-12 00:00:00'),
(34,	1,	1,	43,	'I\'ll get it tomorrow',	'2022-05-13 00:00:00'),
(35,	1,	1,	48,	'The vic governemnet website has details.',	'2022-05-25 00:00:00'),
(36,	1,	1,	53,	'This needs to be reviewed again ',	'2022-05-27 00:00:00'),
(37,	1,	1,	52,	'I\'ll get it tomorrow',	'2022-05-27 00:00:00');

DROP TABLE IF EXISTS `tbl_action_favorite`;
CREATE TABLE `tbl_action_favorite` (
  `id` int NOT NULL AUTO_INCREMENT,
  `user_id` int NOT NULL,
  `comment_id` int NOT NULL,
  `type` int NOT NULL DEFAULT '1' COMMENT '1 - like, 2 - Love, 3 -Thanks, 4 - Thinking, 5 - Support	',
  PRIMARY KEY (`id`)
) ENGINE=InnoDB DEFAULT CHARSET=latin1;

INSERT INTO `tbl_action_favorite` (`id`, `user_id`, `comment_id`, `type`) VALUES
(1,	1,	1,	1),
(2,	1,	2,	1),
(3,	1,	24,	1),
(4,	1,	21,	5),
(5,	1,	23,	1),
(6,	1,	30,	3),
(7,	1,	31,	5),
(8,	1,	29,	5),
(9,	1,	32,	4),
(10,	1,	18,	2),
(11,	1,	17,	5),
(12,	1,	16,	4),
(13,	1,	15,	4),
(14,	1,	34,	5),
(15,	1,	10,	4),
(16,	1,	35,	3),
(17,	75,	35,	5),
(18,	1,	36,	1);

DROP TABLE IF EXISTS `tbl_content_attribute`;
CREATE TABLE `tbl_content_attribute` (
  `id` int NOT NULL AUTO_INCREMENT,
  `name` varchar(255) CHARACTER SET utf8 COLLATE utf8_general_ci NOT NULL,
  `status` int NOT NULL DEFAULT '1' COMMENT '1 - unblock, 2 - block',
  `user_id` int NOT NULL,
  `org_id` int NOT NULL,
  `created_at` date NOT NULL,
  PRIMARY KEY (`id`)
) ENGINE=InnoDB DEFAULT CHARSET=utf8;

INSERT INTO `tbl_content_attribute` (`id`, `name`, `status`, `user_id`, `org_id`, `created_at`) VALUES
(1,	'General',	1,	1,	1,	'2022-04-07'),
(2,	'Sales',	1,	1,	1,	'2022-04-07'),
(3,	'IT',	1,	1,	1,	'2022-04-07'),
(4,	'Operations',	1,	1,	1,	'2022-04-07'),
(5,	'Marketing',	1,	1,	1,	'2022-04-07'),
(6,	'Finance',	1,	1,	1,	'2022-04-07'),
(7,	'Support',	1,	1,	1,	'2022-04-07');

DROP TABLE IF EXISTS `tbl_document`;
CREATE TABLE `tbl_document` (
  `id` int NOT NULL AUTO_INCREMENT,
  `user_id` int NOT NULL COMMENT 'in pdf,doc ',
  `org_id` int NOT NULL,
  `risk_id` int NOT NULL,
  `document_name` varchar(255) NOT NULL,
  `document_size` varchar(225) NOT NULL,
  `current_version` varchar(255) NOT NULL,
  `next_review` datetime NOT NULL,
  `document_type` varchar(255) NOT NULL,
  `document_attributes` varchar(255) NOT NULL,
  `document_file` varchar(255) NOT NULL,
  `section_id` int NOT NULL,
  `category_id` int NOT NULL,
  `visible_to` varchar(255) NOT NULL,
  `updated_date` datetime NOT NULL,
  `created_at` datetime NOT NULL,
  PRIMARY KEY (`id`)
) ENGINE=InnoDB DEFAULT CHARSET=utf8;

INSERT INTO `tbl_document` (`id`, `user_id`, `org_id`, `risk_id`, `document_name`, `document_size`, `current_version`, `next_review`, `document_type`, `document_attributes`, `document_file`, `section_id`, `category_id`, `visible_to`, `updated_date`, `created_at`) VALUES
(6,	1,	1,	0,	'my documentUpdate111112222',	'83740',	'5.61',	'2022-02-05 00:00:00',	'simplesdfsdf update',	'test info attrsdfsdf update,1,2,3,4',	'artworks-1kK2LeUMqtUH5SIx-IIYPDA-t500x500-VAxt_.jpg',	0,	1,	'',	'2022-05-10 00:00:00',	'0000-00-00 00:00:00'),
(7,	1,	1,	0,	'my document22222',	'',	'5.62',	'2022-02-05 00:00:00',	'simplesdfsdf',	'test info attrsdfsdf',	'65-512-9UXdo.png',	0,	2,	'',	'0000-00-00 00:00:00',	'0000-00-00 00:00:00'),
(8,	1,	1,	0,	'Content Name',	'',	'1.0',	'2022-04-21 00:00:00',	'',	'1,2',	'drop-down-OJyzc.png',	0,	1,	'',	'0000-00-00 00:00:00',	'0000-00-00 00:00:00'),
(9,	1,	1,	0,	'Content Name 2',	'',	'1.2',	'2022-04-21 00:00:00',	'',	'1,2',	'drop-down-fWS3p.png',	0,	1,	'',	'0000-00-00 00:00:00',	'0000-00-00 00:00:00'),
(10,	1,	1,	0,	'This is a new document',	'',	'1.1',	'2022-04-10 00:00:00',	'',	'1,2,3',	'logo-1-full-gjOXA.png',	0,	3,	'',	'0000-00-00 00:00:00',	'0000-00-00 00:00:00'),
(12,	1,	1,	0,	'Uploading document on default section',	'',	'1.9',	'2022-04-22 00:00:00',	'',	'2,4,1,7',	'backblue-VC3GL.gif',	0,	1,	'',	'0000-00-00 00:00:00',	'0000-00-00 00:00:00'),
(13,	1,	1,	0,	'uploading section',	'',	'2.0',	'2022-04-21 00:00:00',	'',	'1,2,5',	'fade-MMMUF.gif',	0,	1,	'',	'0000-00-00 00:00:00',	'0000-00-00 00:00:00'),
(14,	1,	1,	0,	'Section Uploading',	'',	'2.1',	'2022-12-05 00:00:00',	'',	'1,4,2',	'myFile(1)-4dAoI.xlsx',	0,	1,	'',	'0000-00-00 00:00:00',	'0000-00-00 00:00:00'),
(15,	1,	1,	0,	'upload doc to section update',	'',	'2.1',	'2022-04-30 00:00:00',	'',	'1,4,2',	'Screenshot2022-03-09145558-50Kdz.png',	0,	1,	'',	'0000-00-00 00:00:00',	'0000-00-00 00:00:00'),
(17,	1,	1,	0,	'content uploading',	'',	'3.0',	'2022-04-28 00:00:00',	'',	'1',	'Button(2)-MBmxQ.svg',	0,	1,	'',	'2022-04-20 00:00:00',	'2022-04-13 00:00:00'),
(19,	1,	1,	0,	'uploading resume',	'',	'1.22',	'2022-04-23 00:00:00',	'',	'2,5,1',	'Resume-n3PR4.pdf',	0,	1,	'',	'2022-04-16 00:00:00',	'2022-04-13 00:00:00'),
(20,	1,	1,	0,	'uploading video',	'',	'1.2',	'2022-04-14 00:00:00',	'',	'1,4,6',	'file_example_MP4_480_1_5MG-9A6Of.mp4',	0,	1,	'',	'2022-04-15 00:00:00',	'2022-04-14 00:00:00'),
(21,	1,	1,	0,	'uploading audio',	'',	'1.22',	'2022-04-14 00:00:00',	'',	'1,4,2',	'file_example_MP3_1MG-wHocN.mp3',	0,	1,	'',	'2022-04-14 00:00:00',	'2022-04-14 00:00:00'),
(22,	1,	1,	0,	'This is a xlsx file',	'',	'1.0',	'2022-04-18 00:00:00',	'',	'1,2,3',	'myFile-wZaCk.xlsx',	0,	1,	'',	'2022-04-14 00:00:00',	'2022-04-14 00:00:00'),
(23,	1,	1,	0,	'This is a jpg file',	'',	'1.0',	'2022-04-14 00:00:00',	'',	'4,3',	'datasheet-csTou.jpg',	0,	1,	'',	'2022-04-14 00:00:00',	'2022-04-14 00:00:00'),
(24,	1,	1,	0,	'This is a SVG file',	'',	'1.0',	'2022-04-14 00:00:00',	'',	'3,2',	'EarnExtraXP_PopUp-yAAtE.svg',	0,	1,	'',	'2022-04-14 00:00:00',	'2022-04-14 00:00:00'),
(25,	1,	1,	0,	'uploading large size jpg image here',	'',	'0.22',	'2022-04-14 00:00:00',	'',	'1,2',	'ruby-rose-YSk2TSUZVcU-unsplash-4Fv1K.jpg',	0,	1,	'',	'2022-04-16 00:00:00',	'2022-04-14 00:00:00'),
(26,	1,	1,	0,	'Uploading image',	'',	'1.0',	'2022-04-15 00:00:00',	'',	'1,4',	'Screenshot2022-04-11131542-JQwNF.png',	0,	1,	'',	'2022-04-16 00:00:00',	'2022-04-15 00:00:00'),
(27,	1,	1,	0,	'test document',	'',	'2.1',	'2022-04-15 00:00:00',	'',	'1',	'2c15918c0915e8f4c0992f7cc59cf5e3-y8uUY.jpg',	0,	1,	'',	'2022-04-15 00:00:00',	'2022-04-15 00:00:00'),
(39,	1,	1,	0,	'document newwwwww',	'',	'5.62',	'2022-02-05 00:00:00',	'simplesdfsdf',	'test info attrsdfsdf',	'24846_20610_0-WRcOo.jpg',	0,	1,	'1,2,3',	'2022-04-25 00:00:00',	'2022-04-25 00:00:00'),
(40,	1,	1,	0,	'document newwwwww',	'',	'5.62',	'2022-02-05 00:00:00',	'simplesdfsdf',	'test info attrsdfsdf',	'24846_20610_0-1IILr.jpg',	0,	1,	'1,2,3',	'2022-04-25 00:00:00',	'2022-04-25 00:00:00'),
(41,	1,	1,	0,	'uploading docx again',	'',	'2.0',	'2022-04-25 00:00:00',	'',	'2,1',	'Resume(2)-tK8tx.docx',	0,	1,	'',	'2022-04-25 00:00:00',	'2022-04-25 00:00:00'),
(42,	1,	1,	0,	'uploading xlsx',	'',	'2.6',	'2022-04-25 00:00:00',	'',	'1,2',	'Risx-FIELDSv2-R04gx.0',	0,	1,	'',	'2022-04-25 00:00:00',	'2022-04-25 00:00:00'),
(43,	1,	1,	0,	'document 1',	'',	'5.62',	'2022-02-05 00:00:00',	'simplesdfsdf',	'test info attrsdfsdf',	'Risx-FIELDSv2-iUP7V.0',	0,	1,	'',	'2022-04-27 00:00:00',	'2022-04-25 00:00:00'),
(45,	1,	1,	0,	'document newwwwww',	'',	'5.62',	'2022-02-05 00:00:00',	'simplesdfsdf',	'test info attrsdfsdf',	'Risx-FIELDSv2-ozRus..xlsx',	0,	1,	'1,2,3',	'2022-04-25 00:00:00',	'2022-04-25 00:00:00'),
(46,	1,	1,	0,	'document newwwwww',	'',	'5.62',	'2022-02-05 00:00:00',	'simplesdfsdf',	'test info attrsdfsdf',	'Risx-FIELDSv2-2ykmL.xlsx',	0,	1,	'1,2,3',	'2022-04-25 00:00:00',	'2022-04-25 00:00:00'),
(47,	1,	1,	0,	'document newwwwww',	'',	'5.62',	'2022-02-05 00:00:00',	'simplesdfsdf',	'test info attrsdfsdf',	'download-1F-hr.jpg',	0,	1,	'1,2,3',	'2022-04-25 00:00:00',	'2022-04-25 00:00:00'),
(48,	1,	1,	0,	'uploading xlsx risk file',	'',	'2.0',	'2022-04-25 00:00:00',	'',	'1',	'Risx-FIELDSv2-Oa_p8.xlsx',	0,	1,	'',	'2022-04-25 00:00:00',	'2022-04-25 00:00:00'),
(49,	1,	1,	0,	'uploading new xls file',	'',	'2.3',	'2022-04-25 00:00:00',	'',	'4,2',	'file_example_XLS_50-d7vDw.xls',	42,	1,	'',	'2022-04-25 00:00:00',	'2022-04-25 00:00:00'),
(50,	1,	1,	0,	'uploading csv',	'',	'2.1',	'2022-04-26 00:00:00',	'',	'1,2',	'SampleCSVFile_2kb-UYgW6.csv',	47,	1,	'',	'2022-04-26 00:00:00',	'2022-04-26 00:00:00'),
(51,	1,	1,	0,	'uploading text file',	'',	'1.0',	'2022-04-27 00:00:00',	'',	'1,2,4,3',	'sample3-Q8lGq.txt',	0,	1,	'',	'2022-04-27 00:00:00',	'2022-04-27 00:00:00'),
(52,	1,	1,	0,	'loading icon',	'',	'1.02',	'2022-04-28 00:00:00',	'',	'2',	'loading(1)-d7jQO.gif',	0,	1,	'',	'2022-04-28 00:00:00',	'2022-04-28 00:00:00'),
(53,	1,	1,	0,	'This is a new document ',	'',	'1.0',	'2022-05-12 00:00:00',	'',	'1,3',	'Untitled-sRrPO.mp4',	0,	1,	'',	'2022-05-02 00:00:00',	'2022-05-02 00:00:00'),
(54,	1,	1,	0,	'uploading MP4 video',	'',	'1.3',	'2022-06-02 00:00:00',	'',	'1,2,3,4',	'file_example_MP4_480_1_5MG-NKsDe.mp4',	0,	1,	'',	'2022-05-14 00:00:00',	'2022-05-02 00:00:00'),
(55,	1,	1,	0,	'document newwwwww',	'6183',	'5.62',	'2022-02-05 00:00:00',	'simplesdfsdf',	'test info attrsdfsdf',	'images(1)-V0ZoB.jpg',	0,	1,	'1,2,3',	'2022-05-02 00:00:00',	'2022-05-02 00:00:00'),
(56,	1,	1,	0,	'Sample File',	'10546620',	'1.0',	'2022-05-27 00:00:00',	'',	'1',	'sample-mp4-file-5bJFE.mp4',	0,	1,	'',	'2022-05-03 00:00:00',	'2022-05-03 00:00:00'),
(57,	1,	1,	0,	'Uploading Medium Size Video',	'45708474',	'1.0',	'2022-05-28 00:00:00',	'',	'1,2',	'Horse_riding_3-VxjV-.mp4',	0,	1,	'',	'2022-05-03 00:00:00',	'2022-05-03 00:00:00'),
(58,	1,	1,	0,	'Open Standards',	'10546620',	'1.0',	'2022-05-20 00:00:00',	'',	'1,2',	'sample-mp4-file-qOASc.mp4',	0,	5,	'',	'2022-05-05 00:00:00',	'2022-05-05 00:00:00'),
(59,	1,	1,	0,	'Hertz Rental Agreement',	'16713',	'v2',	'2022-07-28 00:00:00',	'',	'6,4',	'Hertzrentalagreement-pjOQ1.pdf',	0,	3,	'',	'2022-05-08 00:00:00',	'2022-05-08 00:00:00'),
(60,	1,	1,	0,	'Hertz Rental Agreement',	'16713',	'v2',	'2022-05-28 00:00:00',	'',	'6',	'Hertzrentalagreement-14lA7.pdf',	0,	5,	'',	'2022-05-08 00:00:00',	'2022-05-08 00:00:00'),
(61,	1,	1,	0,	'My Risk Export',	'33153',	'1.0',	'2022-05-27 00:00:00',	'',	'1,2',	'myFile(5)-0P1zC.xlsx',	0,	6,	'',	'2022-05-09 00:00:00',	'2022-05-09 00:00:00'),
(62,	1,	1,	0,	'images of person',	'42739',	'2.0',	'2022-05-10 00:00:00',	'',	'1',	'samuel-regan-asante-Fpjuj5XzHvs-unsplash-ZMaES.jpg',	42,	1,	'',	'2022-05-11 00:00:00',	'2022-05-11 00:00:00'),
(64,	1,	1,	0,	'Cyber Guide',	'1983709',	'1.0',	'2022-05-26 00:00:00',	'',	'1,3',	'ACS_Cybersecurity_Guide-p0DLt.pdf',	0,	1,	'',	'2022-05-27 00:00:00',	'2022-05-27 00:00:00');

DROP TABLE IF EXISTS `tbl_document_category`;
CREATE TABLE `tbl_document_category` (
  `id` int NOT NULL AUTO_INCREMENT,
  `name` varchar(255) NOT NULL,
  PRIMARY KEY (`id`)
) ENGINE=InnoDB DEFAULT CHARSET=utf8mb4 COLLATE=utf8mb4_0900_ai_ci;

INSERT INTO `tbl_document_category` (`id`, `name`) VALUES
(1,	'On-boarding and Training'),
(2,	'Manuals and Policies'),
(3,	'Contracts and Agreements'),
(4,	'Permits and Licenses'),
(5,	'Invoices and Receipts'),
(6,	'General');

DROP TABLE IF EXISTS `tbl_document_section`;
CREATE TABLE `tbl_document_section` (
  `id` int NOT NULL AUTO_INCREMENT,
  `org_id` int NOT NULL,
  `user_id` int NOT NULL,
  `category_id` int NOT NULL,
  `section_name` varchar(255) CHARACTER SET utf8mb4 COLLATE utf8mb4_0900_ai_ci NOT NULL,
  PRIMARY KEY (`id`)
) ENGINE=InnoDB DEFAULT CHARSET=utf8mb4 COLLATE=utf8mb4_0900_ai_ci;

INSERT INTO `tbl_document_section` (`id`, `org_id`, `user_id`, `category_id`, `section_name`) VALUES
(27,	1,	1,	2,	'Policies'),
(42,	1,	1,	1,	'On-boarding'),
(47,	1,	1,	1,	'CV ');

DROP TABLE IF EXISTS `tbl_modules`;
CREATE TABLE `tbl_modules` (
  `id` int NOT NULL AUTO_INCREMENT,
  `module_name` varchar(255) NOT NULL,
  `module_type` int NOT NULL COMMENT '0- Risk, 1-Incident',
  `risk_id` int NOT NULL,
  `created_at` datetime NOT NULL,
  PRIMARY KEY (`id`)
) ENGINE=InnoDB DEFAULT CHARSET=utf8;


DROP TABLE IF EXISTS `tbl_org`;
CREATE TABLE `tbl_org` (
  `id` int NOT NULL AUTO_INCREMENT,
  `org_name` varchar(255) NOT NULL,
  `email` varchar(255) NOT NULL,
  `address` text CHARACTER SET utf8mb4 COLLATE utf8mb4_0900_ai_ci NOT NULL,
  `country` varchar(255) CHARACTER SET utf8mb4 COLLATE utf8mb4_0900_ai_ci NOT NULL,
  `state` varchar(255) CHARACTER SET utf8mb4 COLLATE utf8mb4_0900_ai_ci NOT NULL,
  `total_licenses` varchar(255) CHARACTER SET utf8mb4 COLLATE utf8mb4_0900_ai_ci NOT NULL,
  `abn` text NOT NULL,
  `website` varchar(255) NOT NULL,
  `contact` int NOT NULL,
  `business_name` varchar(255) NOT NULL,
  `status` int NOT NULL,
  `user_id` int NOT NULL,
  `created_at` timestamp NOT NULL ON UPDATE CURRENT_TIMESTAMP,
  PRIMARY KEY (`id`)
) ENGINE=InnoDB DEFAULT CHARSET=utf8mb4 COLLATE=utf8mb4_0900_ai_ci;

INSERT INTO `tbl_org` (`id`, `org_name`, `email`, `address`, `country`, `state`, `total_licenses`, `abn`, `website`, `contact`, `business_name`, `status`, `user_id`, `created_at`) VALUES
(1,	'Empersand Enterprises',	'amar@mailinator.com',	'Palasia Indore',	'Australia',	'Victoria',	'',	'293 456 8722',	'www.empersand.in',	1122334455,	'amar',	0,	1,	'2022-04-08 09:56:28'),
(2,	'sasd',	'kamlesh.ctinfotech@gmail.com',	'',	'',	'',	'',	'',	'',	0,	'sasd',	0,	0,	'0000-00-00 00:00:00'),
(3,	'Kamlesh',	'testingadmin123@gmail.com',	'',	'',	'',	'',	'',	'',	0,	'Kamlesh',	0,	0,	'0000-00-00 00:00:00'),
(4,	'Kamlesh',	'kamlesh.ctotech@gmail.com',	'',	'',	'',	'',	'',	'',	0,	'Kamlesh',	0,	0,	'0000-00-00 00:00:00'),
(5,	'asd',	'deepa@mailinator.com',	'',	'',	'',	'',	'',	'',	0,	'asd',	0,	0,	'0000-00-00 00:00:00'),
(6,	'Kamlesh',	'testingamin123@gmail.com',	'',	'',	'',	'',	'',	'',	0,	'Kamlesh',	0,	0,	'0000-00-00 00:00:00'),
(7,	'adsasd',	'asdasdasd@gmail.com',	'',	'',	'',	'',	'',	'',	0,	'adsasd',	0,	0,	'0000-00-00 00:00:00'),
(8,	'sasd',	'ajay2255@mailinator.com',	'sdfsdfsdf',	'Albania',	'Durrës County',	'',	'dfsdfsdf',	'asdasdasd',	2147483647,	'ajay',	0,	0,	'2022-03-10 07:58:46'),
(9,	'ajay',	'ajay2255111@mailinator.com',	'',	'',	'',	'',	'',	'',	0,	'ajay',	0,	0,	'0000-00-00 00:00:00'),
(10,	'ajay',	'rja22555@mailinator.com',	'',	'',	'',	'',	'',	'',	0,	'ajay',	0,	0,	'0000-00-00 00:00:00'),
(11,	'ajay',	'vijay2251@mailinator.com',	'',	'',	'',	'',	'',	'',	0,	'ajay',	0,	0,	'0000-00-00 00:00:00'),
(12,	'ajay',	'vijay225111@mailinator.com',	'',	'',	'',	'',	'',	'',	0,	'ajay',	0,	0,	'0000-00-00 00:00:00'),
(13,	'ajay',	'vijay22511122@mailinator.com',	'',	'',	'',	'',	'',	'',	0,	'ajay',	0,	0,	'0000-00-00 00:00:00'),
(14,	'ram',	'ram226@mailinator.com',	'',	'',	'',	'',	'',	'',	0,	'ram',	0,	0,	'0000-00-00 00:00:00'),
(15,	'Zaid',	'zaid@mailinator.com',	'',	'',	'',	'',	'',	'',	0,	'Zaid',	0,	0,	'0000-00-00 00:00:00'),
(16,	'Ajay',	'ajaykumar@mailinator.com',	'',	'',	'',	'',	'',	'',	0,	'Ajay',	0,	0,	'0000-00-00 00:00:00'),
(17,	'Mobbin',	'mobbin@mailinator.com',	'',	'',	'',	'',	'',	'',	0,	'Mobbin',	0,	0,	'0000-00-00 00:00:00'),
(18,	'asdasdasd',	'asdasdasd@sdf.sdf',	'',	'',	'',	'',	'',	'',	0,	'asdasdasd',	0,	0,	'0000-00-00 00:00:00'),
(19,	'Mobin',	'mobin.ctinfotech@yopmail.com',	'',	'',	'',	'',	'',	'',	0,	'Mobin',	0,	0,	'0000-00-00 00:00:00'),
(20,	'sadasd',	'sdasdas@mail.com',	'',	'',	'',	'',	'',	'',	0,	'sadasd',	0,	0,	'0000-00-00 00:00:00'),
(21,	'asdf',	'asdasd@sdfsdf.sedgf',	'',	'',	'',	'',	'',	'',	0,	'asdf',	0,	0,	'0000-00-00 00:00:00'),
(22,	'Angel',	'angel@mailinator.com',	'',	'',	'',	'',	'',	'',	0,	'Angel',	0,	0,	'0000-00-00 00:00:00'),
(23,	'Raja',	'raja@ram.co',	'',	'',	'',	'',	'',	'',	0,	'Raja',	0,	0,	'0000-00-00 00:00:00'),
(24,	'Prem',	'premchopra@mailinator.com',	'',	'',	'',	'',	'',	'',	0,	'Prem',	0,	0,	'0000-00-00 00:00:00'),
(25,	'Kamlesh',	'kamlesh@mailinator.com',	'',	'',	'',	'',	'',	'',	0,	'Kamlesh',	0,	0,	'0000-00-00 00:00:00'),
(26,	'asdasd',	'asdasdasd@assdasd.dgh',	'',	'',	'',	'',	'',	'',	0,	'asdasd',	0,	0,	'0000-00-00 00:00:00'),
(27,	'karan',	'karan224@mailinator.com',	'',	'',	'',	'',	'',	'',	0,	'karan',	0,	0,	'0000-00-00 00:00:00'),
(28,	'vijay',	'vijay556@mailinator.com',	'',	'',	'',	'',	'',	'',	0,	'vijay',	0,	0,	'0000-00-00 00:00:00'),
(29,	'ramesh',	'ramesh889@mailinator.com',	'',	'',	'',	'',	'',	'',	0,	'ramesh',	0,	0,	'0000-00-00 00:00:00'),
(30,	'Roger',	'Roger@mailinator.com',	'',	'',	'',	'',	'',	'',	0,	'Roger',	0,	0,	'0000-00-00 00:00:00'),
(31,	'Raj',	'raj@mailinator.com',	'',	'',	'',	'',	'',	'',	0,	'Raj',	0,	0,	'0000-00-00 00:00:00'),
(32,	'Ram',	'ram@mailinator.com',	'',	'',	'',	'',	'',	'',	0,	'Ram',	0,	0,	'0000-00-00 00:00:00'),
(33,	'Priya',	'priya@mailinator.com',	'',	'',	'',	'',	'',	'',	0,	'Priya',	0,	0,	'0000-00-00 00:00:00'),
(36,	'John',	'jdoe0613978@gmail.com',	'',	'',	'',	'',	'',	'',	0,	'John',	0,	0,	'0000-00-00 00:00:00'),
(37,	'Jane',	'jausten0613978@gmail.com',	'',	'',	'',	'',	'',	'',	0,	'Jane',	0,	0,	'0000-00-00 00:00:00'),
(41,	'Zoya',	'zoya@mailinator.com',	'',	'',	'',	'',	'',	'',	0,	'Zoya',	0,	0,	'0000-00-00 00:00:00'),
(42,	'Steve',	'steve@mailinator.com',	'',	'',	'',	'',	'',	'',	0,	'Steve',	0,	0,	'0000-00-00 00:00:00'),
(43,	'David',	'david@yopmail.com',	'',	'',	'',	'',	'',	'',	0,	'David',	0,	0,	'0000-00-00 00:00:00'),
(45,	'Aman',	'aman@yopmail.com',	'',	'',	'',	'',	'',	'',	0,	'Aman',	0,	0,	'0000-00-00 00:00:00'),
(51,	'Naincy',	'naincy@yopmail.com',	'',	'',	'',	'',	'',	'',	0,	'Naincy',	0,	0,	'0000-00-00 00:00:00'),
(52,	'raj',	'raj123@mailinator.com',	'',	'',	'',	'',	'',	'',	0,	'raj',	0,	0,	'0000-00-00 00:00:00'),
(53,	'Shubham',	'shubham@yopmail.com',	'',	'',	'',	'',	'',	'',	0,	'Shubham',	0,	0,	'0000-00-00 00:00:00'),
(54,	'Romesh',	'dada@yopmail.com',	'',	'',	'',	'',	'',	'',	0,	'Romesh',	0,	0,	'0000-00-00 00:00:00');

DROP TABLE IF EXISTS `tbl_risk`;
CREATE TABLE `tbl_risk` (
  `id` int NOT NULL AUTO_INCREMENT,
  `user_id` int NOT NULL,
  `org_id` int NOT NULL,
  `summary` text CHARACTER SET utf8 COLLATE utf8_general_ci NOT NULL,
  `type` int NOT NULL,
  `description` text CHARACTER SET utf8 COLLATE utf8_general_ci NOT NULL,
  `stage` int NOT NULL,
  `identified` datetime NOT NULL,
  `raised_by` int NOT NULL,
  `assigned_to` int NOT NULL,
  `approver` int NOT NULL,
  `visible_to` varchar(555) NOT NULL,
  `team_visible_to` varchar(555) CHARACTER SET utf8 COLLATE utf8_general_ci NOT NULL,
  `visible_all_status` int NOT NULL COMMENT '1 - all, 2 - partial',
  `action_id` varchar(225) NOT NULL,
  `document_id` varchar(225) NOT NULL,
  `caused_by` int NOT NULL,
  `impact_on` int NOT NULL,
  `cost_impact` int NOT NULL,
  `strategy` varchar(255) NOT NULL,
  `justification` varchar(555) NOT NULL,
  `status` int NOT NULL,
  `inherent_risk_rating` varchar(255) NOT NULL,
  `risk_rating` varchar(255) NOT NULL,
  `inherent_likelihood` varchar(255) NOT NULL,
  `likelihood` varchar(255) NOT NULL,
  `impact` varchar(255) NOT NULL,
  `inherent_impact` varchar(255) NOT NULL,
  `control_effectiveness` varchar(255) NOT NULL,
  `mitigation_action` text NOT NULL,
  `insurance_acquired` varchar(225) NOT NULL,
  `change_since_last_review` varchar(255) NOT NULL,
  `next_action_date` datetime DEFAULT NULL,
  `expected_close_date` datetime DEFAULT NULL,
  `next_review_date` datetime DEFAULT NULL,
  `last_updated_date` datetime DEFAULT NULL,
  PRIMARY KEY (`id`),
  KEY `tbl_risk_ibfk_1` (`cost_impact`),
  KEY `risk_raised_by` (`raised_by`)
) ENGINE=InnoDB DEFAULT CHARSET=utf8;

INSERT INTO `tbl_risk` (`id`, `user_id`, `org_id`, `summary`, `type`, `description`, `stage`, `identified`, `raised_by`, `assigned_to`, `approver`, `visible_to`, `team_visible_to`, `visible_all_status`, `action_id`, `document_id`, `caused_by`, `impact_on`, `cost_impact`, `strategy`, `justification`, `status`, `inherent_risk_rating`, `risk_rating`, `inherent_likelihood`, `likelihood`, `impact`, `inherent_impact`, `control_effectiveness`, `mitigation_action`, `insurance_acquired`, `change_since_last_review`, `next_action_date`, `expected_close_date`, `next_review_date`, `last_updated_date`) VALUES
(1,	1,	1,	'COVID is causing revenue loss',	69,	'We need a plan for this',	15,	'2022-03-09 00:00:00',	1,	6,	3,	'61',	'18',	2,	'',	'',	15,	23,	50,	'Accept',	'This is a global issue and as such we are also impacted by it like all other SMEs',	22,	'Unlikely (30%)',	'Moderate',	'Almost Certain (90%)',	'Rare (10%)',	'23',	'20',	'20',	'Get online quick',	'Yes',	'New Risk',	'0000-00-00 00:00:00',	'0000-00-00 00:00:00',	'2022-05-27 00:00:00',	'2022-03-09 00:00:00'),
(10,	1,	1,	'summary',	72,	'',	0,	'2022-03-16 00:00:00',	48,	1,	0,	'8',	'',	0,	'',	'',	0,	25,	0,	'',	'',	23,	'',	'',	'',	'',	'',	'',	'',	'action',	'',	'',	'0000-00-00 00:00:00',	'0000-00-00 00:00:00',	'2022-03-18 00:00:00',	'2022-03-16 00:00:00'),
(12,	1,	1,	'Theft might be an issue',	71,	'Make sure the premises is locked evey night before 8 because later on the alram will be auto started.',	0,	'2022-03-17 00:00:00',	0,	1,	0,	'7',	'',	0,	'',	'',	0,	26,	0,	'',	'',	23,	'',	'',	'',	'',	'',	'',	'',	'Assign Roger to lock every day',	'',	'',	'0000-00-00 00:00:00',	'0000-00-00 00:00:00',	'2022-03-26 00:00:00',	'2022-03-17 00:00:00'),
(13,	1,	1,	'Theft',	70,	'Lock the gates',	0,	'2022-03-17 00:00:00',	0,	2,	0,	'7',	'',	0,	'',	'',	0,	23,	0,	'',	'',	22,	'',	'',	'',	'',	'',	'',	'',	'Lock',	'',	'',	'0000-00-00 00:00:00',	'0000-00-00 00:00:00',	'2022-03-31 00:00:00',	'2022-03-17 00:00:00'),
(14,	1,	1,	'Theft',	70,	'Lock the gates',	0,	'2022-03-17 00:00:00',	67,	1,	0,	'7',	'',	0,	'',	'',	0,	23,	0,	'',	'',	23,	'',	'',	'',	'',	'',	'',	'',	'Lock',	'',	'',	'0000-00-00 00:00:00',	'0000-00-00 00:00:00',	'2022-03-31 00:00:00',	'2022-03-17 00:00:00'),
(15,	1,	1,	'Thefts',	70,	'Tables',	0,	'2022-03-17 00:00:00',	6,	1,	1,	'7',	'',	0,	'',	'',	15,	24,	10,	'',	'dasda',	23,	'',	'',	'',	'',	'',	'',	'',	'Locksss',	'',	'',	NULL,	NULL,	'2022-03-16 00:00:00',	'2022-03-17 00:00:00'),
(16,	1,	1,	'Summary',	71,	'',	0,	'2022-03-21 00:00:00',	6,	2,	0,	'7',	'',	0,	'',	'',	0,	26,	0,	'',	'',	23,	'',	'',	'',	'',	'',	'',	'',	'Action',	'',	'',	'0000-00-00 00:00:00',	'0000-00-00 00:00:00',	'2022-03-26 00:00:00',	'2022-03-21 00:00:00'),
(17,	1,	1,	'Theft',	70,	'Lock the gates',	15,	'2022-03-21 00:00:00',	6,	1,	0,	'7',	'',	0,	'',	'',	0,	25,	0,	'Transfer',	'',	22,	'',	'',	'',	'',	'',	'',	'',	'Lock',	'',	'Increased',	'0000-00-00 00:00:00',	'0000-00-00 00:00:00',	'2022-04-01 00:00:00',	'2022-03-21 00:00:00'),
(18,	1,	1,	'Theft and security',	74,	'Lock the gates and secure padlock by 9\nEnsure screen is used\nBolt the doors\nGet insurance',	0,	'2022-03-22 00:00:00',	6,	1,	1,	'7',	'',	0,	'',	'',	14,	23,	250,	'Accept',	'',	22,	'Certain (100%)',	'',	'Likely (70%)',	' Likely (70%)',	'',	'',	'',	'Lock the premises at night',	'',	'Increased',	'2022-04-10 00:00:00',	'2022-04-02 00:00:00',	'2022-03-20 00:00:00',	'2022-03-22 00:00:00'),
(19,	1,	1,	'COVID',	70,	'New restrictions in place',	15,	'2022-03-25 00:00:00',	6,	1,	0,	'7',	'',	0,	'',	'',	14,	25,	1000,	'Avoid',	'',	22,	'Likely (70%)',	'Terrible',	'Unlikely (30%)',	' Possible (50%)',	'Moderate',	'',	'',	'Apply for COVID support',	'',	'Increased',	'0000-00-00 00:00:00',	'0000-00-00 00:00:00',	'2022-04-30 00:00:00',	'2022-03-25 00:00:00'),
(20,	1,	1,	'Premises theft and security',	70,	'Lock the gates',	16,	'2022-03-28 00:00:00',	61,	1,	0,	'7',	'',	0,	'',	'',	0,	24,	0,	'',	'',	22,	'Rare (10%)',	'Extreme',	'Likely (70%)',	'Rare (10%)',	'Moderate',	'',	'',	'Create regular schedule',	'',	'',	'0000-00-00 00:00:00',	'0000-00-00 00:00:00',	'2022-04-02 00:00:00',	'2022-03-28 00:00:00'),
(21,	1,	1,	'Risk Summary after change',	71,	'dsadasd',	17,	'2022-03-30 00:00:00',	0,	61,	0,	'68',	'',	0,	'',	'',	0,	25,	0,	'Avoid',	'',	24,	'Almost Certain (90%)',	'Minor',	'',	' Possible (50%)',	'Extreme',	'',	'',	'Mitigation action',	'No',	'Decreased',	'0000-00-00 00:00:00',	'0000-00-00 00:00:00',	'2022-03-31 00:00:00',	'2022-03-30 00:00:00'),
(22,	1,	1,	'Theft by day',	70,	'Theft by customers is increasing day by day as business is running on minimum staff and therefore it is becoming hard to monitor. Additionally staff need to be trained when they notice suspicious activity by customers.',	15,	'2022-03-31 00:00:00',	0,	6,	0,	'-1',	'',	0,	'',	'',	0,	25,	0,	'',	'',	23,	'',	'',	'',	'',	'',	'',	'',	'Install security cameras',	'',	'',	'0000-00-00 00:00:00',	'0000-00-00 00:00:00',	'2022-04-08 00:00:00',	'2022-03-31 00:00:00'),
(23,	1,	1,	'risk summary',	70,	'description',	16,	'2022-03-31 00:00:00',	0,	62,	0,	'6',	'',	0,	'',	'',	0,	24,	0,	'',	'',	23,	'',	'',	'',	'',	'',	'',	'',	'action mitigation',	'',	'',	'0000-00-00 00:00:00',	'0000-00-00 00:00:00',	'2022-04-01 00:00:00',	'2022-03-31 00:00:00'),
(24,	1,	1,	'refresh new',	72,	'asdasdasdassdasd',	18,	'2022-03-31 00:00:00',	0,	39,	0,	'28',	'',	0,	'',	'',	0,	26,	0,	'',	'',	24,	'',	'',	'',	'',	'',	'',	'',	'asdasdasd asdasdasd',	'',	'',	'0000-00-00 00:00:00',	'0000-00-00 00:00:00',	'2022-04-01 00:00:00',	'2022-03-31 00:00:00'),
(25,	1,	1,	'new summary',	71,	'description',	17,	'2022-03-31 00:00:00',	0,	27,	0,	'-1',	'',	0,	'',	'',	0,	24,	0,	'',	'',	24,	'',	'',	'',	'',	'',	'',	'',	'action',	'',	'',	'0000-00-00 00:00:00',	'0000-00-00 00:00:00',	'2022-04-08 00:00:00',	'2022-03-31 00:00:00'),
(26,	1,	1,	'adding risk again',	71,	'add risk description',	16,	'2022-03-31 00:00:00',	0,	65,	0,	'-1',	'',	0,	'',	'',	0,	25,	0,	'',	'',	25,	'',	'',	'',	'',	'',	'',	'',	'action of adding risk',	'',	'',	'0000-00-00 00:00:00',	'0000-00-00 00:00:00',	'2022-04-05 00:00:00',	'2022-03-31 00:00:00'),
(27,	1,	1,	'adding risk list',	73,	'adding risk list description',	17,	'2022-03-31 00:00:00',	0,	39,	0,	'6',	'',	0,	'',	'',	0,	25,	0,	'',	'',	23,	'',	'',	'',	'',	'',	'',	'',	'adding action',	'',	'',	'0000-00-00 00:00:00',	'0000-00-00 00:00:00',	'2022-04-02 00:00:00',	'2022-03-31 00:00:00'),
(28,	1,	1,	'This is a summary of this risk including a few details about this risk. ',	71,	'dsadasd',	16,	'2022-03-31 00:00:00',	0,	43,	0,	'7',	'',	0,	'',	'',	0,	24,	0,	'Hedge',	'',	24,	'',	'',	'Almost Certain (90%)',	'',	'',	'',	'',	'sdasdasdasdasd',	'No',	'New Risk',	'0000-00-00 00:00:00',	'0000-00-00 00:00:00',	'2022-03-25 00:00:00',	'2022-03-31 00:00:00'),
(29,	1,	1,	'risk new summary',	73,	'description',	17,	'2022-04-01 00:00:00',	0,	39,	2,	'66,67,68',	'',	0,	'',	'',	0,	25,	0,	'',	'',	24,	'',	'',	'',	'',	'',	'',	'',	'action of risk',	'',	'',	'0000-00-00 00:00:00',	'0000-00-00 00:00:00',	'2022-04-12 00:00:00',	'2022-04-01 00:00:00'),
(30,	1,	1,	'COVID issues',	70,	'New restrictions in place',	17,	'2022-04-01 00:00:00',	0,	60,	0,	'7',	'',	0,	'',	'',	0,	25,	280,	'Hedge',	'',	24,	'Likely (70%)',	'Moderate',	'',	'',	'',	'',	'',	'action',	'No',	'Remains the same',	'2022-05-28 00:00:00',	'2022-05-08 00:00:00',	'2022-04-08 00:00:00',	'2022-04-01 00:00:00'),
(31,	1,	1,	'Fire risk',	72,	'Risk of fire during hot summer weather when the temperature shoots up',	15,	'2022-04-04 00:00:00',	0,	59,	0,	'59',	'',	0,	'',	'',	0,	28,	0,	'',	'',	22,	'',	'',	'',	'',	'',	'',	'',	'Need to have the fire extinguishers installed in all rooms',	'',	'',	'0000-00-00 00:00:00',	'0000-00-00 00:00:00',	'2022-07-01 00:00:00',	'2022-04-04 00:00:00'),
(32,	1,	1,	'adding new risk for refresh',	74,	'risk descri',	17,	'2022-04-04 00:00:00',	0,	61,	0,	'6,39,49,69',	'',	0,	'',	'',	0,	24,	0,	'',	'',	23,	'',	'',	'',	'',	'',	'',	'',	'mitifation action',	'',	'',	'0000-00-00 00:00:00',	'0000-00-00 00:00:00',	'2022-04-13 00:00:00',	'2022-04-04 00:00:00'),
(33,	1,	1,	'Complete the development of Urban joe',	70,	'This is about the development of the project name above',	0,	'2022-04-06 00:00:00',	0,	61,	0,	'69,59',	'',	0,	'',	'',	0,	24,	221,	'Transfer',	'',	22,	'Likely (70%)',	'',	'',	'',	'',	'',	'',	'test action',	'No',	'Increased',	'0000-00-00 00:00:00',	'0000-00-00 00:00:00',	'2022-04-08 00:00:00',	'2022-04-06 00:00:00'),
(34,	1,	1,	'Supply delays from Russia',	71,	'',	16,	'2022-04-09 00:00:00',	0,	71,	0,	'-1',	'',	0,	'',	'',	0,	28,	250000,	'',	'',	23,	'',	'',	'',	'',	'',	'',	'',	'Find alternate suppliers from Germany',	'',	'',	'0000-00-00 00:00:00',	'0000-00-00 00:00:00',	'2022-05-09 00:00:00',	'2022-04-09 00:00:00'),
(35,	1,	1,	'Supply risk from chinas',	71,	'',	15,	'2022-04-09 00:00:00',	0,	71,	0,	'7',	'',	0,	'',	'',	0,	28,	30000,	'Transfer',	'',	23,	'Possible (50%)',	'Moderate',	'Possible (50%)',	'Rare (10%)',	'',	'',	'',	'Find alternate suppliers from Germany',	'No',	'New Risk',	'0000-00-00 00:00:00',	'0000-00-00 00:00:00',	'2022-05-09 00:00:00',	'2022-04-09 00:00:00'),
(36,	1,	1,	'Risk of fire',	70,	'',	15,	'2022-04-15 00:00:00',	0,	6,	0,	'-1',	'',	0,	'',	'',	0,	23,	100000,	'Reduce',	'',	23,	'Likely (70%)',	'Moderate',	'',	' Likely (70%)',	'',	'',	'',	'fire insurance',	'No',	'Remains the same',	'0000-00-00 00:00:00',	'0000-00-00 00:00:00',	'2022-05-27 00:00:00',	'2022-04-15 00:00:00'),
(37,	1,	1,	'Food poisoning risk',	71,	'',	17,	'2022-04-18 00:00:00',	0,	6,	0,	'59',	'',	0,	'',	'',	0,	25,	30000,	'',	'',	24,	'',	'',	'',	'',	'',	'',	'',	'Find alternate suppliers from Germany',	'',	'',	'0000-00-00 00:00:00',	'0000-00-00 00:00:00',	'2022-05-24 00:00:00',	'2022-04-18 00:00:00'),
(38,	1,	1,	'Water leak',	70,	'',	17,	'2022-04-18 00:00:00',	0,	61,	0,	'-1',	'',	0,	'',	'',	0,	26,	1112,	'Accept',	'',	23,	'Possible (50%)',	'Moderate',	'Possible (50%)',	' Possible (50%)',	'Major',	'',	'',	'Call the chippie',	'No',	'Remains the same',	'0000-00-00 00:00:00',	'0000-00-00 00:00:00',	'2022-04-30 00:00:00',	'2022-04-18 00:00:00'),
(39,	1,	1,	'Food contamination risk',	72,	'',	15,	'2022-04-25 00:00:00',	0,	58,	0,	'24,6',	'',	0,	'',	'',	0,	23,	500000,	'',	'',	23,	'',	'',	'',	'',	'',	'',	'',	'Find alternate suppliers from Germany',	'',	'',	'0000-00-00 00:00:00',	'0000-00-00 00:00:00',	'2022-05-27 00:00:00',	'2022-04-25 00:00:00'),
(40,	1,	1,	'this is risk summary',	71,	'this is first risk info 2',	15,	'2022-04-27 00:00:00',	1,	2,	3,	'7',	'20',	0,	'',	'',	14,	4,	50,	'Hedge',	'justification text',	22,	'Unlikely (30%)',	'5',	'6',	' Likely (70%)',	'23',	'20',	'20',	'this is mititgation text 2',	'Yes',	'New Risk',	'0000-00-00 00:00:00',	'0000-00-00 00:00:00',	'2022-04-15 00:00:00',	'2022-04-27 00:00:00'),
(41,	1,	1,	'Malicious data theft',	74,	'Risk that someone will access our customer data',	0,	'2022-04-28 00:00:00',	0,	71,	0,	'69,59',	'',	0,	'',	'',	0,	26,	50000000,	'',	'',	23,	'',	'',	'',	'',	'',	'',	'',	'Establish strong cyber security action',	'',	'',	'0000-00-00 00:00:00',	'0000-00-00 00:00:00',	'2022-06-28 00:00:00',	'2022-04-28 00:00:00'),
(42,	1,	1,	'summary',	71,	'description',	0,	'2022-04-30 00:00:00',	0,	74,	0,	'71',	'17',	2,	'',	'',	0,	26,	0,	'',	'',	24,	'',	'',	'',	'',	'',	'',	'',	'action',	'',	'',	'0000-00-00 00:00:00',	'0000-00-00 00:00:00',	'2022-05-30 00:00:00',	'2022-04-30 00:00:00'),
(43,	1,	1,	'adding team',	70,	'description',	0,	'2022-04-30 00:00:00',	0,	5,	0,	'6,69',	'16,17',	2,	'',	'',	0,	24,	0,	'',	'',	24,	'',	'',	'',	'',	'',	'',	'',	'action',	'',	'',	'0000-00-00 00:00:00',	'0000-00-00 00:00:00',	'2022-05-30 00:00:00',	'2022-04-30 00:00:00'),
(44,	1,	1,	'adding new for team',	72,	'description',	0,	'2022-04-30 00:00:00',	1,	74,	0,	'69,71,73',	'17,19,16,18',	2,	'',	'',	0,	24,	0,	'',	'',	23,	'',	'',	'',	'',	'',	'',	'',	'action',	'',	'',	'0000-00-00 00:00:00',	'0000-00-00 00:00:00',	'2022-05-30 00:00:00',	'2022-04-30 00:00:00'),
(45,	1,	1,	'Theft',	70,	'Increasing crime ',	0,	'2022-05-01 00:00:00',	1,	6,	0,	'42,89,86',	'19,18,20',	2,	'45,46',	'',	14,	23,	200,	'Avoid',	'',	22,	'Unlikely (30%)',	'Minor',	'',	'Almost Certain (90%)',	'Major',	'',	'',	'Lock the premises at night',	'Yes',	'Remains the same',	'0000-00-00 00:00:00',	'0000-00-00 00:00:00',	'2022-05-21 00:00:00',	'2022-05-01 00:00:00'),
(53,	1,	1,	'New regulations have come for bio handling',	69,	'HAZ-11100202 has been announced and it is slightly different to the current standards. We need to ensure that this is covered as part of our RMP to ensure compliance ',	0,	'2022-05-19 00:00:00',	1,	71,	0,	'42,84',	'',	2,	'',	'62',	16,	24,	0,	'Accept',	'',	25,	'Unlikely (30%)',	'Major3',	'',	'Possible (50%)',	'Moderate',	'',	'',	'Roger is going to check on the additional impact to the current strucure',	'No',	'New Risk',	'0000-00-00 00:00:00',	'2023-10-27 00:00:00',	'2022-05-26 00:00:00',	'2022-05-19 00:00:00'),
(55,	1,	1,	'Protect your business from cyber crime and fraud\n',	70,	'Protect your business from cyber crime and fraud\n',	0,	'2022-05-26 00:00:00',	1,	71,	1,	'61,42',	'19',	2,	'',	'',	17,	23,	0,	'Reduce',	'',	22,	'Almost Certain (90%)',	'Moderate',	'',	'Unlikely (30%)',	'Moderate',	'',	'Good',	'Regularly backup your important data, Train your staff in cyber security basics, Manage who can access what within your business, Automatically update your operating systems, software and apps',	'No',	'Remains the same',	'0000-00-00 00:00:00',	'2022-06-02 00:00:00',	'2022-06-02 00:00:00',	'2022-05-26 00:00:00'),
(56,	1,	1,	'An inability to successfully manage and leverage  strategic third-party relationships',	72,	'An inability to successfully manage and leverage  strategic third-party relationships',	0,	'2022-05-27 00:00:00',	1,	75,	1,	'',	'17,16',	1,	'',	'',	16,	23,	0,	'Reduce',	'',	22,	'Possible (50%)',	'Moderate',	'',	'Possible (50%)',	'Major',	'',	'',	'monitor and manage quality and performance of key suppliers and strategic third parties throughout their contribution. Risks are managed with contracts or obligations.',	'Yes',	'Remains the same',	'0000-00-00 00:00:00',	'2022-06-03 00:00:00',	'2022-06-05 00:00:00',	'2022-05-27 00:00:00');

DROP TABLE IF EXISTS `tbl_risk_comments`;
CREATE TABLE `tbl_risk_comments` (
  `id` int NOT NULL AUTO_INCREMENT,
  `user_id` int NOT NULL,
  `org_id` int NOT NULL,
  `risk_id` int NOT NULL,
  `message` text CHARACTER SET utf8mb4 COLLATE utf8mb4_0900_ai_ci NOT NULL,
  `created_at` datetime NOT NULL,
  PRIMARY KEY (`id`)
) ENGINE=InnoDB DEFAULT CHARSET=utf8mb4 COLLATE=utf8mb4_0900_ai_ci;

INSERT INTO `tbl_risk_comments` (`id`, `user_id`, `org_id`, `risk_id`, `message`, `created_at`) VALUES
(1,	1,	1,	1,	'this is test message updateeeeeeeeeee',	'2022-04-28 00:00:00'),
(2,	1,	1,	1,	'this is test message',	'2022-04-30 00:00:00'),
(4,	1,	1,	45,	'adding new comment for testing',	'2022-05-02 00:00:00'),
(10,	1,	1,	47,	'adding new comment',	'2022-05-02 00:00:00'),
(11,	1,	1,	47,	'adding new comment',	'2022-05-02 00:00:00'),
(12,	1,	1,	47,	'This needs to be reviewed again ',	'2022-05-02 00:00:00'),
(13,	1,	1,	5,	'This needs to be reviewed again ',	'2022-05-02 00:00:00'),
(14,	75,	1,	40,	'Hello editting first comment again editing',	'2022-05-03 00:00:00'),
(15,	75,	1,	40,	'second comment editting',	'2022-05-03 00:00:00'),
(16,	75,	1,	40,	'this is third comment editting',	'2022-05-03 00:00:00'),
(17,	75,	1,	40,	'this is fourth comment editting',	'2022-05-03 00:00:00'),
(18,	75,	1,	40,	'editing is working fine',	'2022-05-03 00:00:00'),
(20,	75,	1,	1,	'comment by angel',	'2022-05-04 00:00:00'),
(21,	1,	1,	47,	'Nick, please do blah blah',	'2022-05-05 00:00:00'),
(22,	1,	1,	47,	'This needs to be reviewed again if possible',	'2022-05-05 00:00:00'),
(23,	1,	1,	47,	'please complete task',	'2022-05-06 00:00:00'),
(24,	1,	1,	47,	'check comment and adding',	'2022-05-06 00:00:00'),
(25,	1,	1,	46,	'This needs to be reviewed again ',	'2022-05-07 00:00:00'),
(26,	1,	1,	46,	'Please respond @Amar',	'2022-05-08 00:00:00'),
(27,	1,	1,	46,	'Raj  needs to do something',	'2022-05-09 00:00:00'),
(28,	1,	1,	50,	'new comments for risk',	'2022-05-10 00:00:00'),
(29,	1,	1,	47,	'Tan, look at this',	'2022-05-11 00:00:00'),
(30,	1,	1,	46,	'This needs to be reviewed again ',	'2022-05-16 00:00:00'),
(32,	1,	1,	53,	'@Roger will let us know when the analysis is done',	'2022-05-19 00:00:00'),
(33,	1,	1,	53,	'adding new comment',	'2022-05-21 00:00:00'),
(34,	1,	1,	53,	'new comment for it',	'2022-05-21 00:00:00'),
(36,	1,	1,	56,	'@Roger will let us know when the analysis is done',	'2022-05-30 00:00:00');

DROP TABLE IF EXISTS `tbl_risk_favorite`;
CREATE TABLE `tbl_risk_favorite` (
  `id` int NOT NULL AUTO_INCREMENT,
  `user_id` int NOT NULL,
  `comment_id` int NOT NULL,
  `type` int NOT NULL DEFAULT '1' COMMENT '1 - like, 2 - Love, 3 -Thanks, 4 - Thinking, 5 - Support',
  PRIMARY KEY (`id`)
) ENGINE=InnoDB DEFAULT CHARSET=latin1;

INSERT INTO `tbl_risk_favorite` (`id`, `user_id`, `comment_id`, `type`) VALUES
(1,	1,	1,	1),
(2,	1,	24,	5),
(3,	1,	23,	5),
(4,	1,	11,	2),
(5,	1,	22,	4),
(6,	1,	21,	3),
(7,	1,	30,	1),
(8,	1,	12,	2),
(9,	1,	25,	5),
(10,	1,	26,	2),
(11,	3,	28,	4),
(12,	1,	10,	4),
(13,	1,	9,	2),
(14,	1,	2,	5),
(15,	1,	8,	4),
(16,	1,	4,	4),
(17,	1,	32,	2),
(18,	1,	33,	3),
(19,	1,	34,	1),
(20,	1,	35,	1);

DROP TABLE IF EXISTS `tbl_risk_link`;
CREATE TABLE `tbl_risk_link` (
  `id` int NOT NULL AUTO_INCREMENT,
  `user_id` int NOT NULL,
  `org_id` int NOT NULL,
  `created_at` timestamp NOT NULL ON UPDATE CURRENT_TIMESTAMP,
  PRIMARY KEY (`id`)
) ENGINE=InnoDB DEFAULT CHARSET=utf8mb4 COLLATE=utf8mb4_0900_ai_ci;


DROP TABLE IF EXISTS `tbl_role_permission`;
CREATE TABLE `tbl_role_permission` (
  `id` int NOT NULL AUTO_INCREMENT,
  `module_id` int NOT NULL,
  `permission_id` int NOT NULL DEFAULT '4',
  `view_edit_assign_item` int NOT NULL DEFAULT '2',
  `admin_settings` int NOT NULL DEFAULT '2',
  `delete` int NOT NULL DEFAULT '2',
  `add` int NOT NULL DEFAULT '2',
  `view` int NOT NULL DEFAULT '2',
  `comments` int NOT NULL DEFAULT '2',
  `upload` int NOT NULL DEFAULT '2',
  `user_id` int NOT NULL,
  `refer_user_id` int NOT NULL,
  `created_at` timestamp NOT NULL ON UPDATE CURRENT_TIMESTAMP,
  `status` int NOT NULL DEFAULT '0',
  PRIMARY KEY (`id`)
) ENGINE=InnoDB DEFAULT CHARSET=utf8mb4 COLLATE=utf8mb4_0900_ai_ci;

INSERT INTO `tbl_role_permission` (`id`, `module_id`, `permission_id`, `view_edit_assign_item`, `admin_settings`, `delete`, `add`, `view`, `comments`, `upload`, `user_id`, `refer_user_id`, `created_at`, `status`) VALUES
(28,	1,	2,	2,	2,	1,	1,	1,	1,	1,	2,	0,	'2022-02-11 00:00:00',	0),
(29,	2,	2,	2,	2,	1,	1,	1,	1,	1,	2,	0,	'2022-02-11 00:00:00',	0),
(30,	3,	2,	2,	2,	1,	1,	1,	1,	1,	2,	0,	'2022-02-11 00:00:00',	0),
(94,	1,	3,	2,	2,	2,	1,	1,	1,	1,	4,	0,	'2022-02-14 00:00:00',	0),
(95,	2,	3,	2,	2,	2,	1,	1,	1,	1,	4,	0,	'2022-02-14 00:00:00',	0),
(96,	3,	3,	2,	2,	2,	1,	1,	1,	1,	4,	0,	'2022-02-14 00:00:00',	0),
(112,	1,	4,	2,	2,	2,	2,	1,	1,	1,	7,	0,	'2022-02-14 00:00:00',	0),
(113,	2,	4,	2,	2,	2,	2,	1,	1,	1,	7,	0,	'2022-02-14 00:00:00',	0),
(114,	3,	4,	2,	2,	2,	2,	1,	1,	1,	7,	0,	'2022-02-14 00:00:00',	0),
(124,	1,	3,	2,	2,	2,	1,	1,	1,	1,	0,	0,	'2022-02-17 00:00:00',	0),
(125,	2,	3,	2,	2,	2,	1,	1,	1,	1,	0,	0,	'2022-02-17 00:00:00',	0),
(126,	3,	3,	2,	2,	2,	1,	1,	1,	1,	0,	0,	'2022-02-17 00:00:00',	0),
(127,	1,	1,	1,	1,	1,	1,	1,	1,	1,	0,	0,	'2022-02-17 00:00:00',	0),
(128,	2,	1,	1,	1,	1,	1,	1,	1,	1,	0,	0,	'2022-02-17 00:00:00',	0),
(129,	3,	1,	1,	1,	1,	1,	1,	1,	1,	0,	0,	'2022-02-17 00:00:00',	0),
(130,	1,	1,	1,	1,	1,	1,	1,	1,	1,	0,	0,	'2022-02-17 00:00:00',	0),
(131,	2,	1,	1,	1,	1,	1,	1,	1,	1,	0,	0,	'2022-02-17 00:00:00',	0),
(132,	3,	1,	1,	1,	1,	1,	1,	1,	1,	0,	0,	'2022-02-17 00:00:00',	0),
(148,	1,	3,	2,	2,	2,	1,	1,	1,	1,	20,	0,	'2022-02-17 00:00:00',	0),
(149,	2,	3,	2,	2,	2,	1,	1,	1,	1,	20,	0,	'2022-02-17 00:00:00',	0),
(150,	3,	3,	2,	2,	2,	1,	1,	1,	1,	20,	0,	'2022-02-17 00:00:00',	0),
(154,	1,	3,	2,	2,	2,	1,	1,	1,	1,	24,	0,	'2022-02-18 00:00:00',	0),
(155,	2,	3,	2,	2,	2,	1,	1,	1,	1,	24,	0,	'2022-02-18 00:00:00',	0),
(156,	3,	3,	2,	2,	2,	1,	1,	1,	1,	24,	0,	'2022-02-18 00:00:00',	0),
(163,	1,	4,	2,	2,	2,	2,	1,	1,	1,	3,	0,	'2022-02-18 00:00:00',	0),
(164,	2,	4,	2,	2,	2,	2,	1,	1,	1,	3,	0,	'2022-02-18 00:00:00',	0),
(165,	3,	4,	2,	2,	2,	2,	1,	1,	1,	3,	0,	'2022-02-18 00:00:00',	0),
(166,	1,	3,	2,	2,	1,	1,	1,	1,	1,	25,	0,	'2022-02-19 06:59:42',	0),
(167,	2,	3,	2,	2,	2,	1,	1,	1,	1,	25,	0,	'2022-02-19 00:00:00',	0),
(168,	3,	3,	2,	2,	2,	1,	1,	1,	1,	25,	0,	'2022-02-19 00:00:00',	0),
(172,	1,	3,	2,	2,	2,	1,	1,	1,	1,	27,	0,	'2022-02-19 00:00:00',	0),
(173,	2,	3,	2,	2,	2,	1,	1,	1,	1,	27,	0,	'2022-02-19 00:00:00',	0),
(174,	3,	3,	2,	2,	2,	1,	1,	1,	1,	27,	0,	'2022-02-19 00:00:00',	0),
(184,	1,	3,	2,	2,	2,	1,	1,	1,	1,	28,	0,	'2022-02-21 00:00:00',	0),
(185,	2,	3,	2,	2,	2,	1,	1,	1,	1,	28,	0,	'2022-02-21 00:00:00',	0),
(186,	3,	3,	2,	2,	2,	1,	1,	1,	1,	28,	0,	'2022-02-21 00:00:00',	0),
(196,	1,	2,	2,	2,	1,	1,	1,	1,	1,	40,	0,	'2022-02-22 00:00:00',	0),
(197,	2,	2,	2,	2,	1,	1,	1,	1,	1,	40,	0,	'2022-02-22 00:00:00',	0),
(198,	3,	2,	2,	2,	1,	1,	1,	1,	1,	40,	0,	'2022-02-22 00:00:00',	0),
(199,	1,	4,	2,	2,	1,	1,	1,	1,	1,	41,	0,	'2022-02-23 11:26:49',	0),
(200,	2,	4,	2,	2,	1,	1,	1,	1,	1,	41,	0,	'2022-02-23 11:26:48',	0),
(201,	3,	4,	2,	2,	1,	1,	1,	1,	1,	41,	0,	'2022-02-23 11:26:50',	0),
(235,	1,	3,	2,	2,	2,	1,	1,	1,	1,	1,	0,	'2022-02-23 00:00:00',	0),
(236,	2,	3,	2,	2,	2,	1,	1,	1,	1,	1,	0,	'2022-02-23 00:00:00',	0),
(237,	3,	3,	2,	2,	2,	1,	1,	1,	1,	1,	0,	'2022-02-23 00:00:00',	0),
(241,	1,	1,	1,	1,	1,	1,	1,	1,	1,	43,	0,	'2022-02-23 00:00:00',	0),
(242,	2,	1,	1,	1,	1,	1,	1,	1,	1,	43,	0,	'2022-02-23 00:00:00',	0),
(243,	3,	1,	1,	1,	1,	1,	1,	1,	1,	43,	0,	'2022-02-23 00:00:00',	0),
(244,	1,	4,	2,	2,	2,	2,	1,	1,	1,	38,	0,	'2022-02-23 00:00:00',	0),
(245,	2,	4,	2,	2,	2,	2,	1,	1,	1,	38,	0,	'2022-02-23 00:00:00',	0),
(246,	3,	4,	2,	2,	2,	2,	1,	1,	1,	38,	0,	'2022-02-23 00:00:00',	0),
(265,	1,	4,	2,	2,	2,	2,	1,	1,	1,	39,	0,	'2022-02-23 00:00:00',	0),
(266,	2,	4,	2,	2,	2,	2,	1,	1,	1,	39,	0,	'2022-02-23 00:00:00',	0),
(267,	3,	4,	2,	2,	2,	2,	1,	1,	1,	39,	0,	'2022-02-23 00:00:00',	0),
(289,	1,	4,	2,	2,	2,	2,	1,	1,	1,	26,	0,	'2022-02-25 00:00:00',	0),
(290,	2,	4,	2,	2,	2,	2,	1,	1,	1,	26,	0,	'2022-02-25 00:00:00',	0),
(291,	3,	4,	2,	2,	2,	2,	1,	1,	1,	26,	0,	'2022-02-25 00:00:00',	0),
(292,	1,	1,	1,	1,	1,	1,	1,	1,	1,	21,	0,	'2022-02-25 00:00:00',	0),
(293,	2,	1,	1,	1,	1,	1,	1,	1,	1,	21,	0,	'2022-02-25 00:00:00',	0),
(294,	3,	1,	1,	1,	1,	1,	1,	1,	1,	21,	0,	'2022-02-25 00:00:00',	0),
(313,	1,	2,	2,	2,	1,	1,	1,	1,	1,	37,	0,	'2022-02-28 00:00:00',	0),
(314,	2,	2,	2,	2,	1,	1,	1,	1,	1,	37,	0,	'2022-02-28 00:00:00',	0),
(315,	3,	2,	2,	2,	1,	1,	1,	1,	1,	37,	0,	'2022-02-28 00:00:00',	0),
(316,	1,	3,	2,	2,	2,	1,	1,	1,	1,	42,	0,	'2022-02-28 00:00:00',	0),
(317,	2,	3,	2,	2,	2,	1,	1,	1,	1,	42,	0,	'2022-02-28 00:00:00',	0),
(318,	3,	3,	2,	2,	2,	1,	1,	1,	1,	42,	0,	'2022-02-28 00:00:00',	0),
(400,	1,	2,	2,	2,	1,	2,	1,	1,	1,	46,	0,	'2022-02-28 10:04:44',	0),
(401,	2,	2,	2,	2,	1,	1,	1,	1,	1,	46,	0,	'2022-02-28 00:00:00',	0),
(402,	3,	2,	2,	2,	1,	1,	1,	1,	1,	46,	0,	'2022-02-28 00:00:00',	0),
(403,	1,	4,	2,	2,	2,	2,	1,	1,	1,	44,	0,	'2022-03-01 00:00:00',	0),
(404,	2,	4,	2,	2,	2,	2,	1,	1,	1,	44,	0,	'2022-03-01 00:00:00',	0),
(405,	3,	4,	2,	2,	2,	2,	1,	1,	1,	44,	0,	'2022-03-01 00:00:00',	0),
(406,	1,	1,	1,	1,	1,	1,	1,	1,	1,	45,	0,	'2022-03-01 00:00:00',	0),
(407,	2,	1,	1,	1,	1,	1,	1,	1,	1,	45,	0,	'2022-03-01 00:00:00',	0),
(408,	3,	1,	1,	1,	1,	1,	1,	1,	1,	45,	0,	'2022-03-01 00:00:00',	0),
(409,	1,	3,	2,	2,	2,	1,	1,	1,	1,	47,	0,	'2022-03-01 00:00:00',	0),
(410,	2,	3,	2,	2,	2,	1,	1,	1,	1,	47,	0,	'2022-03-01 00:00:00',	0),
(411,	3,	3,	2,	2,	2,	1,	1,	1,	1,	47,	0,	'2022-03-01 00:00:00',	0),
(415,	1,	2,	2,	2,	1,	1,	1,	1,	1,	48,	0,	'2022-03-01 00:00:00',	0),
(416,	2,	2,	2,	2,	1,	1,	1,	1,	1,	48,	0,	'2022-03-01 00:00:00',	0),
(417,	3,	2,	2,	2,	1,	1,	1,	1,	1,	48,	0,	'2022-03-01 00:00:00',	0),
(421,	1,	3,	2,	2,	2,	1,	1,	1,	1,	49,	0,	'2022-03-05 00:00:00',	0),
(422,	2,	3,	2,	2,	2,	1,	1,	1,	1,	49,	0,	'2022-03-05 00:00:00',	0),
(423,	3,	3,	2,	2,	2,	1,	1,	1,	1,	49,	0,	'2022-03-05 00:00:00',	0),
(424,	1,	3,	2,	2,	2,	1,	1,	1,	1,	50,	0,	'2022-03-05 00:00:00',	0),
(425,	2,	3,	2,	2,	2,	1,	1,	1,	1,	50,	0,	'2022-03-05 00:00:00',	0),
(426,	3,	3,	2,	2,	2,	1,	1,	1,	1,	50,	0,	'2022-03-05 00:00:00',	0),
(427,	1,	3,	2,	2,	2,	1,	1,	1,	1,	52,	0,	'2022-03-05 00:00:00',	0),
(428,	2,	3,	2,	2,	2,	1,	1,	1,	1,	52,	0,	'2022-03-05 00:00:00',	0),
(429,	3,	3,	2,	2,	2,	1,	1,	1,	1,	52,	0,	'2022-03-05 00:00:00',	0),
(430,	1,	3,	2,	2,	2,	1,	1,	1,	1,	53,	0,	'2022-03-05 00:00:00',	0),
(431,	2,	3,	2,	2,	2,	1,	1,	1,	1,	53,	0,	'2022-03-05 00:00:00',	0),
(432,	3,	3,	2,	2,	2,	1,	1,	1,	1,	53,	0,	'2022-03-05 00:00:00',	0),
(433,	1,	3,	2,	2,	2,	1,	1,	1,	1,	54,	0,	'2022-03-05 00:00:00',	0),
(434,	2,	3,	2,	2,	2,	1,	1,	1,	1,	54,	0,	'2022-03-05 00:00:00',	0),
(435,	3,	3,	2,	2,	2,	1,	1,	1,	1,	54,	0,	'2022-03-05 00:00:00',	0),
(439,	1,	3,	2,	2,	2,	1,	1,	1,	1,	56,	0,	'2022-03-05 00:00:00',	0),
(440,	2,	3,	2,	2,	2,	1,	1,	1,	1,	56,	0,	'2022-03-05 00:00:00',	0),
(441,	3,	3,	2,	2,	2,	1,	1,	1,	1,	56,	0,	'2022-03-05 00:00:00',	0),
(442,	1,	3,	2,	2,	2,	1,	1,	1,	1,	57,	0,	'2022-03-05 00:00:00',	0),
(443,	2,	3,	2,	2,	2,	1,	1,	1,	1,	57,	0,	'2022-03-05 00:00:00',	0),
(444,	3,	3,	2,	2,	2,	1,	1,	1,	1,	57,	0,	'2022-03-05 00:00:00',	0),
(445,	1,	3,	2,	2,	2,	1,	1,	1,	1,	58,	0,	'2022-03-05 00:00:00',	0),
(446,	2,	3,	2,	2,	2,	1,	1,	1,	1,	58,	0,	'2022-03-05 00:00:00',	0),
(447,	3,	3,	2,	2,	2,	1,	1,	1,	1,	58,	0,	'2022-03-05 00:00:00',	0),
(448,	1,	3,	2,	2,	2,	1,	1,	1,	1,	59,	0,	'2022-03-05 00:00:00',	0),
(449,	2,	3,	2,	2,	2,	1,	1,	1,	1,	59,	0,	'2022-03-05 00:00:00',	0),
(450,	3,	3,	2,	2,	2,	1,	1,	1,	1,	59,	0,	'2022-03-05 00:00:00',	0),
(451,	1,	1,	1,	1,	1,	1,	1,	1,	1,	60,	0,	'2022-03-07 00:00:00',	0),
(452,	2,	1,	1,	1,	1,	1,	1,	1,	1,	60,	0,	'2022-03-07 00:00:00',	0),
(453,	3,	1,	1,	1,	1,	1,	1,	1,	1,	60,	0,	'2022-03-07 00:00:00',	0),
(457,	1,	3,	2,	2,	2,	1,	1,	1,	1,	61,	0,	'2022-03-07 00:00:00',	0),
(458,	2,	3,	2,	2,	2,	1,	1,	1,	1,	61,	0,	'2022-03-07 00:00:00',	0),
(459,	3,	3,	2,	2,	2,	1,	1,	1,	1,	61,	0,	'2022-03-07 00:00:00',	0),
(460,	1,	2,	2,	2,	1,	1,	1,	1,	1,	62,	0,	'2022-03-07 00:00:00',	0),
(461,	2,	2,	2,	2,	1,	1,	1,	1,	1,	62,	0,	'2022-03-07 00:00:00',	0),
(462,	3,	2,	2,	2,	1,	1,	1,	1,	1,	62,	0,	'2022-03-07 00:00:00',	0),
(463,	1,	3,	2,	2,	2,	1,	1,	1,	1,	55,	0,	'2022-03-07 00:00:00',	0),
(464,	2,	3,	2,	2,	2,	1,	1,	1,	1,	55,	0,	'2022-03-07 00:00:00',	0),
(465,	3,	3,	2,	2,	2,	1,	1,	1,	1,	55,	0,	'2022-03-07 00:00:00',	0),
(469,	1,	4,	2,	2,	2,	2,	1,	1,	1,	66,	0,	'2022-03-10 00:00:00',	0),
(470,	2,	4,	2,	2,	2,	2,	1,	1,	1,	66,	0,	'2022-03-10 00:00:00',	0),
(471,	3,	4,	2,	2,	2,	2,	1,	1,	1,	66,	0,	'2022-03-10 00:00:00',	0),
(487,	1,	3,	2,	2,	2,	1,	1,	1,	1,	6,	0,	'2022-03-19 00:00:00',	0),
(488,	2,	3,	2,	2,	2,	1,	1,	1,	1,	6,	0,	'2022-03-19 00:00:00',	0),
(489,	3,	3,	2,	2,	2,	1,	1,	1,	1,	6,	0,	'2022-03-19 00:00:00',	0),
(499,	1,	4,	2,	2,	2,	2,	1,	1,	1,	67,	0,	'2022-03-28 00:00:00',	0),
(500,	2,	4,	2,	2,	2,	2,	1,	1,	1,	67,	0,	'2022-03-28 00:00:00',	0),
(501,	3,	4,	2,	2,	2,	2,	1,	1,	1,	67,	0,	'2022-03-28 00:00:00',	0),
(502,	1,	1,	1,	1,	1,	1,	1,	1,	1,	69,	0,	'2022-04-04 00:00:00',	0),
(503,	2,	1,	1,	1,	1,	1,	1,	1,	1,	69,	0,	'2022-04-04 00:00:00',	0),
(504,	3,	1,	1,	1,	1,	1,	1,	1,	1,	69,	0,	'2022-04-04 00:00:00',	0),
(505,	1,	3,	2,	2,	2,	1,	1,	1,	1,	71,	0,	'2022-04-09 00:00:00',	0),
(506,	2,	3,	2,	2,	2,	1,	1,	1,	1,	71,	0,	'2022-04-09 00:00:00',	0),
(507,	3,	3,	2,	2,	2,	1,	1,	1,	1,	71,	0,	'2022-04-09 00:00:00',	0),
(517,	1,	2,	2,	2,	1,	1,	1,	1,	1,	68,	0,	'2022-04-15 00:00:00',	0),
(518,	2,	2,	2,	2,	1,	1,	1,	1,	1,	68,	0,	'2022-04-15 00:00:00',	0),
(519,	3,	2,	2,	2,	1,	1,	1,	1,	1,	68,	0,	'2022-04-15 00:00:00',	0),
(520,	1,	2,	2,	2,	1,	1,	1,	1,	1,	65,	0,	'2022-04-15 00:00:00',	0),
(521,	2,	2,	2,	2,	1,	1,	1,	1,	1,	65,	0,	'2022-04-15 00:00:00',	0),
(522,	3,	2,	2,	2,	1,	1,	1,	1,	1,	65,	0,	'2022-04-15 00:00:00',	0),
(523,	1,	4,	2,	2,	2,	2,	1,	1,	1,	73,	0,	'2022-04-15 00:00:00',	0),
(524,	2,	4,	2,	2,	2,	2,	1,	1,	1,	73,	0,	'2022-04-15 00:00:00',	0),
(525,	3,	4,	2,	2,	2,	2,	1,	1,	1,	73,	0,	'2022-04-15 00:00:00',	0),
(532,	1,	3,	2,	2,	1,	1,	1,	1,	1,	5,	0,	'2022-05-02 10:36:12',	0),
(533,	2,	3,	2,	2,	2,	1,	1,	1,	1,	5,	0,	'2022-05-02 00:00:00',	0),
(534,	3,	3,	2,	2,	2,	1,	1,	1,	1,	5,	0,	'2022-05-02 00:00:00',	0),
(541,	1,	5,	1,	2,	2,	2,	2,	1,	1,	74,	0,	'2022-05-03 00:00:00',	0),
(542,	2,	5,	1,	2,	2,	2,	2,	1,	1,	74,	0,	'2022-05-03 00:00:00',	0),
(543,	3,	5,	1,	2,	2,	2,	2,	1,	1,	74,	0,	'2022-05-03 00:00:00',	0),
(562,	1,	1,	1,	1,	1,	1,	1,	1,	1,	79,	0,	'2022-05-04 00:00:00',	0),
(563,	2,	1,	1,	1,	1,	1,	1,	1,	1,	79,	0,	'2022-05-04 00:00:00',	0),
(564,	3,	1,	1,	1,	1,	1,	1,	1,	1,	79,	0,	'2022-05-04 00:00:00',	0),
(565,	1,	3,	2,	2,	2,	1,	1,	1,	1,	80,	0,	'2022-05-04 00:00:00',	0),
(566,	2,	3,	2,	2,	2,	1,	1,	1,	1,	80,	0,	'2022-05-04 00:00:00',	0),
(567,	3,	3,	2,	2,	2,	1,	1,	1,	1,	80,	0,	'2022-05-04 00:00:00',	0),
(568,	1,	3,	2,	2,	2,	1,	1,	1,	1,	81,	0,	'2022-05-04 00:00:00',	0),
(569,	2,	3,	2,	2,	2,	1,	1,	1,	1,	81,	0,	'2022-05-04 00:00:00',	0),
(570,	3,	3,	2,	2,	2,	1,	1,	1,	1,	81,	0,	'2022-05-04 00:00:00',	0),
(571,	1,	3,	2,	2,	2,	1,	1,	1,	1,	82,	0,	'2022-05-04 00:00:00',	0),
(572,	2,	3,	2,	2,	2,	1,	1,	1,	1,	82,	0,	'2022-05-04 00:00:00',	0),
(573,	3,	3,	2,	2,	2,	1,	1,	1,	1,	82,	0,	'2022-05-04 00:00:00',	0),
(574,	1,	1,	1,	1,	2,	2,	1,	1,	1,	75,	0,	'2022-05-16 10:01:06',	0),
(575,	2,	1,	1,	1,	1,	1,	1,	1,	1,	75,	0,	'2022-05-07 00:00:00',	0),
(576,	3,	1,	1,	1,	1,	1,	1,	1,	1,	75,	0,	'2022-05-07 00:00:00',	0),
(577,	1,	1,	1,	1,	1,	1,	1,	1,	1,	84,	0,	'2022-05-09 00:00:00',	0),
(578,	2,	1,	1,	1,	1,	1,	1,	1,	1,	84,	0,	'2022-05-09 00:00:00',	0),
(579,	3,	1,	1,	1,	1,	1,	1,	1,	1,	84,	0,	'2022-05-09 00:00:00',	0),
(580,	1,	2,	2,	2,	2,	1,	1,	1,	1,	86,	0,	'2022-05-12 07:31:29',	0),
(581,	2,	2,	2,	2,	1,	1,	1,	1,	1,	86,	0,	'2022-05-09 00:00:00',	0),
(582,	3,	2,	2,	2,	1,	1,	1,	1,	1,	86,	0,	'2022-05-09 00:00:00',	0),
(583,	1,	2,	2,	2,	1,	1,	1,	1,	1,	88,	0,	'2022-05-09 00:00:00',	0),
(584,	2,	2,	2,	2,	1,	1,	1,	1,	1,	88,	0,	'2022-05-09 00:00:00',	0),
(585,	3,	2,	2,	2,	1,	1,	1,	1,	1,	88,	0,	'2022-05-09 00:00:00',	0),
(586,	1,	2,	2,	2,	1,	1,	1,	1,	1,	89,	0,	'2022-05-12 00:00:00',	0),
(587,	2,	2,	2,	2,	1,	1,	1,	1,	1,	89,	0,	'2022-05-12 00:00:00',	0),
(588,	3,	2,	2,	2,	1,	1,	1,	1,	1,	89,	0,	'2022-05-12 00:00:00',	0),
(589,	1,	2,	2,	2,	1,	1,	1,	1,	1,	91,	0,	'2022-05-20 00:00:00',	0),
(590,	2,	2,	2,	2,	1,	1,	1,	1,	1,	91,	0,	'2022-05-20 00:00:00',	0),
(591,	3,	2,	2,	2,	1,	1,	1,	1,	1,	91,	0,	'2022-05-20 00:00:00',	0),
(592,	1,	2,	2,	2,	1,	1,	1,	1,	1,	94,	0,	'2022-05-23 00:00:00',	0),
(593,	2,	2,	2,	2,	1,	1,	1,	1,	1,	94,	0,	'2022-05-23 00:00:00',	0),
(594,	3,	2,	2,	2,	1,	1,	1,	1,	1,	94,	0,	'2022-05-23 00:00:00',	0),
(595,	1,	1,	1,	1,	1,	1,	1,	1,	1,	109,	0,	'2022-05-24 00:00:00',	0),
(596,	2,	1,	1,	1,	1,	1,	1,	1,	1,	109,	0,	'2022-05-24 00:00:00',	0),
(597,	3,	1,	1,	1,	1,	1,	1,	1,	1,	109,	0,	'2022-05-24 00:00:00',	0),
(598,	1,	1,	1,	1,	1,	1,	1,	1,	1,	110,	0,	'2022-05-24 00:00:00',	0),
(599,	2,	1,	1,	1,	1,	1,	1,	1,	1,	110,	0,	'2022-05-24 00:00:00',	0),
(600,	3,	1,	1,	1,	1,	1,	1,	1,	1,	110,	0,	'2022-05-24 00:00:00',	0),
(601,	1,	2,	2,	2,	1,	2,	1,	1,	1,	111,	0,	'2022-05-24 13:20:25',	0),
(602,	2,	2,	2,	2,	1,	1,	1,	1,	1,	111,	0,	'2022-05-24 00:00:00',	0),
(603,	3,	2,	2,	2,	1,	1,	1,	1,	1,	111,	0,	'2022-05-24 00:00:00',	0),
(604,	1,	1,	1,	1,	1,	1,	1,	1,	1,	112,	0,	'2022-05-25 00:00:00',	0),
(605,	2,	1,	1,	1,	1,	1,	1,	1,	1,	112,	0,	'2022-05-25 00:00:00',	0),
(606,	3,	1,	1,	1,	1,	1,	1,	1,	1,	112,	0,	'2022-05-25 00:00:00',	0);

DROP TABLE IF EXISTS `tbl_setting`;
CREATE TABLE `tbl_setting` (
  `id` int NOT NULL AUTO_INCREMENT,
  `user_id` int NOT NULL,
  `org_id` int NOT NULL,
  `field_visibility` int NOT NULL,
  `field_name` varchar(255) NOT NULL,
  `custom_label` varchar(255) NOT NULL,
  `field_type` int NOT NULL COMMENT '1 - text, 2 - select, 3 - range, 4 - tiles, 5  -date',
  `range_info` text CHARACTER SET utf8mb4 COLLATE utf8mb4_0900_ai_ci NOT NULL,
  `required_status` int NOT NULL,
  `required_static_status` int NOT NULL COMMENT '1 - required, 0 - not required',
  PRIMARY KEY (`id`)
) ENGINE=InnoDB DEFAULT CHARSET=utf8mb4 COLLATE=utf8mb4_0900_ai_ci;

INSERT INTO `tbl_setting` (`id`, `user_id`, `org_id`, `field_visibility`, `field_name`, `custom_label`, `field_type`, `range_info`, `required_status`, `required_static_status`) VALUES
(163,	-1,	-1,	1,	'Summary',	'Summary',	1,	'',	1,	1),
(164,	-1,	-1,	1,	'Risk Type',	'Risk Type',	2,	'',	1,	1),
(165,	-1,	-1,	2,	'Description',	'Description',	1,	'',	2,	0),
(166,	-1,	-1,	2,	'Risk Stage',	'Risk Stage',	2,	'',	2,	0),
(167,	-1,	-1,	1,	'Risk Assigned to',	'Risk Assigned to',	2,	'',	1,	1),
(168,	-1,	-1,	2,	'Risk Approver',	'Risk Approver',	2,	'',	2,	0),
(169,	-1,	-1,	1,	'Visible to',	'Visible to',	2,	'',	1,	1),
(170,	-1,	-1,	2,	'Caused by',	'Caused by',	2,	'',	2,	0),
(171,	-1,	-1,	1,	'Impact on',	'Impact on',	2,	'',	1,	1),
(172,	-1,	-1,	2,	'Cost Impact ($)',	'Cost Impact ($)',	1,	'',	2,	0),
(173,	-1,	-1,	1,	'Strategy',	'Strategy',	4,	'Avoid, Reduce, Accept, Transfer, Hedge , Leverage - Configurable in setting',	1,	1),
(174,	-1,	-1,	2,	'Justification',	'Justification',	1,	'',	2,	0),
(175,	-1,	-1,	1,	'Status',	'Status',	2,	'',	1,	1),
(176,	-1,	-1,	2,	'Inherent Risk Rating',	'Inherent Risk Rating',	3,	'',	2,	0),
(177,	-1,	-1,	1,	'Risk Rating',	'Risk Rating',	3,	'',	1,	1),
(178,	-1,	-1,	2,	'Inherent Likelihood',	'Inherent Likelihood',	3,	'',	2,	0),
(179,	-1,	-1,	1,	'Likelihood',	'Likelihood',	3,	'',	1,	1),
(180,	-1,	-1,	1,	'Impact',	'Impact',	3,	'',	1,	1),
(181,	-1,	-1,	2,	'Inherent impact',	'Inherent impact',	3,	'',	2,	0),
(182,	-1,	-1,	2,	'Control Effectiveness',	'Control Effectiveness',	3,	'',	2,	0),
(183,	-1,	-1,	1,	'Mitigation action',	'Mitigation action',	1,	'',	1,	1),
(184,	-1,	-1,	1,	'Insurance acquired',	'Insurance acquired',	4,	'',	1,	1),
(185,	-1,	-1,	1,	'Change since last review',	'Change since last review',	4,	'',	1,	0),
(186,	-1,	-1,	2,	'Next Action Date',	'Next Action Date',	5,	'',	2,	0),
(187,	-1,	-1,	2,	'Expected Close Date',	'Expected Close Date',	5,	'',	2,	0),
(188,	-1,	-1,	1,	'Next Review Date',	'Next Review Date',	5,	'',	1,	1),
(267,	1,	1,	1,	'Summary',	'Summary',	1,	'',	1,	1),
(268,	1,	1,	1,	'Risk Type',	'Risk Type',	2,	'',	1,	1),
(269,	1,	1,	1,	'Description',	'Description',	1,	'',	1,	0),
(270,	1,	1,	2,	'Risk Stage',	'Risk Stage',	2,	'',	2,	0),
(271,	1,	1,	1,	'Risk Assigned to',	'Risk Assigned to',	2,	'',	1,	1),
(272,	1,	1,	1,	'Risk Approver',	'Risk Approver',	2,	'',	2,	0),
(273,	1,	1,	1,	'Visible to',	'Visible to',	2,	'',	1,	1),
(274,	1,	1,	1,	'Caused by',	'Caused by',	2,	'',	1,	0),
(275,	1,	1,	1,	'Impact on',	'Impact on',	2,	'',	1,	1),
(276,	1,	1,	1,	'Cost Impact ($)',	'Cost Impact (LCY)',	1,	'',	2,	0),
(277,	1,	1,	1,	'Strategy',	'Strategy',	4,	'Avoid,Reduce,Accept,Transfer,Hedge,Insure',	1,	1),
(278,	1,	1,	2,	'Justification',	'Justification for risk',	1,	'',	2,	0),
(279,	1,	1,	1,	'Status',	'Risk Status',	2,	'',	1,	1),
(280,	1,	1,	1,	'Inherent Risk Rating',	'Inherent Risk Rating',	3,	'Rare (10%),Unlikely (30%),Possible (50%),Likely (70%),Almost Certain (90%),Certain (100%)',	1,	0),
(281,	1,	1,	1,	'Risk Rating',	'Current Risk Rating?',	3,	'Minor,Moderate,Major3,Extreme',	1,	1),
(282,	1,	1,	2,	'Inherent Likelihood',	'Inherent Likelihood?',	3,	'Rare (10%),Unlikely (30%),Possible (50%),Likely (70%),Almost Certain (90%)',	2,	0),
(283,	1,	1,	1,	'Likelihood',	'Current Likelihood?',	3,	'Almost Certain (90%),Likely (70%),Possible (50%),Unlikely (30%),Rare (10%)',	1,	1),
(284,	1,	1,	1,	'Impact',	'Current Impact?',	3,	'Minor,Moderate,Major,Extreme',	1,	1),
(285,	1,	1,	2,	'Inherent impact',	'Inherent impact',	3,	'Minor',	2,	0),
(286,	1,	1,	1,	'Control Effectiveness',	'Control Effectiveness today',	3,	'Poor,Average,Good,Excellent',	2,	0),
(287,	1,	1,	1,	'Mitigation action',	'Mitigation action',	1,	'',	1,	1),
(288,	1,	1,	1,	'Insurance acquired',	'Insurance required?',	4,	'Yes,No',	1,	1),
(289,	1,	1,	1,	'Change since last review',	'Change since last review',	4,	'Remains the same,New Risk,Decreased,Increased',	1,	0),
(290,	1,	1,	2,	'Next Action Date',	'Next Action Date',	5,	'',	2,	0),
(291,	1,	1,	2,	'Expected Close Date',	'Expected Close Date',	5,	'',	1,	0),
(292,	1,	1,	2,	'Next Review Date',	'Next Review Date',	5,	'',	2,	0),
(293,	1,	1,	1,	'Next Review Date',	'Next Review Date',	5,	'',	1,	1),
(294,	102,	45,	1,	'Summary',	'Summary',	1,	'',	1,	0),
(295,	102,	45,	1,	'Risk Type',	'Risk Type',	2,	'',	1,	0),
(296,	102,	45,	2,	'Description',	'Description',	1,	'',	2,	0),
(297,	102,	45,	2,	'Risk Stage',	'Risk Stage',	2,	'',	2,	0),
(298,	102,	45,	1,	'Risk Assigned to',	'Risk Assigned to',	2,	'',	1,	0),
(299,	102,	45,	2,	'Risk Approver',	'Risk Approver',	2,	'',	2,	0),
(300,	102,	45,	1,	'Visible to',	'Visible to',	2,	'',	1,	0),
(301,	102,	45,	2,	'Caused by',	'Caused by',	2,	'',	2,	0),
(302,	102,	45,	1,	'Impact on',	'Impact on',	2,	'',	1,	0),
(303,	102,	45,	2,	'Cost Impact ($)',	'Cost Impact ($)',	1,	'',	2,	0),
(304,	102,	45,	1,	'Strategy',	'Strategy',	4,	'Avoid, Reduce, Accept, Transfer, Hedge , Leverage - Configurable in setting',	1,	0),
(305,	102,	45,	2,	'Justification',	'Justification',	1,	'',	2,	0),
(306,	102,	45,	1,	'Status',	'Status',	2,	'',	1,	0),
(307,	102,	45,	2,	'Inherent Risk Rating',	'Inherent Risk Rating',	3,	'',	2,	0),
(308,	102,	45,	1,	'Risk Rating',	'Risk Rating',	3,	'',	1,	0),
(309,	102,	45,	2,	'Inherent Likelihood',	'Inherent Likelihood',	3,	'',	2,	0),
(310,	102,	45,	1,	'Likelihood',	'Likelihood',	3,	'',	1,	0),
(311,	102,	45,	1,	'Impact',	'Impact',	3,	'',	1,	0),
(312,	102,	45,	2,	'Inherent impact',	'Inherent impact',	3,	'',	2,	0),
(313,	102,	45,	2,	'Control Effectiveness',	'Control Effectiveness',	3,	'',	2,	0),
(314,	102,	45,	1,	'Mitigation action',	'Mitigation action',	1,	'',	1,	0),
(315,	102,	45,	1,	'Insurance acquired',	'Insurance acquired',	4,	'',	1,	0),
(316,	102,	45,	1,	'Change since last review',	'Change since last review',	4,	'',	1,	0),
(317,	102,	45,	2,	'Next Action Date',	'Next Action Date',	5,	'',	2,	0),
(318,	102,	45,	2,	'Expected Close Date',	'Expected Close Date',	5,	'',	2,	0),
(319,	102,	45,	1,	'Next Review Date',	'Next Review Date',	5,	'',	1,	0),
(320,	110,	53,	1,	'Summary',	'Summary',	1,	'',	1,	0),
(321,	110,	53,	1,	'Risk Type',	'Risk Type',	2,	'',	1,	0),
(322,	110,	53,	2,	'Description',	'Description',	1,	'',	2,	0),
(323,	110,	53,	2,	'Risk Stage',	'Risk Stage',	2,	'',	2,	0),
(324,	110,	53,	1,	'Risk Assigned to',	'Risk Assigned to',	2,	'',	1,	0),
(325,	110,	53,	2,	'Risk Approver',	'Risk Approver',	2,	'',	2,	0),
(326,	110,	53,	1,	'Visible to',	'Visible to',	2,	'',	1,	0),
(327,	110,	53,	2,	'Caused by',	'Caused by',	2,	'',	2,	0),
(328,	110,	53,	1,	'Impact on',	'Impact on',	2,	'',	1,	0),
(329,	110,	53,	2,	'Cost Impact ($)',	'Cost Impact ($)',	1,	'',	2,	0),
(330,	110,	53,	1,	'Strategy',	'Strategy',	4,	'Avoid, Reduce, Accept, Transfer, Hedge , Leverage - Configurable in setting',	1,	0),
(331,	110,	53,	2,	'Justification',	'Justification',	1,	'',	2,	0),
(332,	110,	53,	1,	'Status',	'Status',	2,	'',	1,	0),
(333,	110,	53,	2,	'Inherent Risk Rating',	'Inherent Risk Rating',	3,	'',	2,	0),
(334,	110,	53,	1,	'Risk Rating',	'Risk Rating',	3,	'',	1,	0),
(335,	110,	53,	2,	'Inherent Likelihood',	'Inherent Likelihood',	3,	'',	2,	0),
(336,	110,	53,	1,	'Likelihood',	'Likelihood',	3,	'',	1,	0),
(337,	110,	53,	1,	'Impact',	'Impact',	3,	'',	1,	0),
(338,	110,	53,	2,	'Inherent impact',	'Inherent impact',	3,	'',	2,	0),
(339,	110,	53,	2,	'Control Effectiveness',	'Control Effectiveness',	3,	'',	2,	0),
(340,	110,	53,	1,	'Mitigation action',	'Mitigation action',	1,	'',	1,	0),
(341,	110,	53,	1,	'Insurance acquired',	'Insurance acquired',	4,	'',	1,	0),
(342,	110,	53,	1,	'Change since last review',	'Change since last review',	4,	'',	1,	0),
(343,	110,	53,	2,	'Next Action Date',	'Next Action Date',	5,	'',	2,	0),
(344,	110,	53,	2,	'Expected Close Date',	'Expected Close Date',	5,	'',	2,	0),
(345,	110,	53,	1,	'Next Review Date',	'Next Review Date',	5,	'',	1,	0),
(346,	112,	54,	1,	'Summary',	'Summary',	1,	'',	1,	0),
(347,	112,	54,	1,	'Risk Type',	'Risk Type',	2,	'',	1,	0),
(348,	112,	54,	2,	'Description',	'Description',	1,	'',	2,	0),
(349,	112,	54,	2,	'Risk Stage',	'Risk Stage',	2,	'',	2,	0),
(350,	112,	54,	1,	'Risk Assigned to',	'Risk Assigned to',	2,	'',	1,	0),
(351,	112,	54,	2,	'Risk Approver',	'Risk Approver',	2,	'',	2,	0),
(352,	112,	54,	1,	'Visible to',	'Visible to',	2,	'',	1,	0),
(353,	112,	54,	2,	'Caused by',	'Caused by',	2,	'',	2,	0),
(354,	112,	54,	1,	'Impact on',	'Impact on',	2,	'',	1,	0),
(355,	112,	54,	2,	'Cost Impact ($)',	'Cost Impact ($)',	1,	'',	2,	0),
(356,	112,	54,	1,	'Strategy',	'Strategy',	4,	'Avoid, Reduce, Accept, Transfer, Hedge , Leverage - Configurable in setting',	1,	0),
(357,	112,	54,	2,	'Justification',	'Justification',	1,	'',	2,	0),
(358,	112,	54,	1,	'Status',	'Status',	2,	'',	1,	0),
(359,	112,	54,	2,	'Inherent Risk Rating',	'Inherent Risk Rating',	3,	'',	2,	0),
(360,	112,	54,	1,	'Risk Rating',	'Risk Rating',	3,	'',	1,	0),
(361,	112,	54,	2,	'Inherent Likelihood',	'Inherent Likelihood',	3,	'',	2,	0),
(362,	112,	54,	1,	'Likelihood',	'Likelihood',	3,	'',	1,	0),
(363,	112,	54,	1,	'Impact',	'Impact',	3,	'',	1,	0),
(364,	112,	54,	2,	'Inherent impact',	'Inherent impact',	3,	'',	2,	0),
(365,	112,	54,	2,	'Control Effectiveness',	'Control Effectiveness',	3,	'',	2,	0),
(366,	112,	54,	1,	'Mitigation action',	'Mitigation action',	1,	'',	1,	0),
(367,	112,	54,	1,	'Insurance acquired',	'Insurance acquired',	4,	'',	1,	0),
(368,	112,	54,	1,	'Change since last review',	'Change since last review',	4,	'',	1,	0),
(369,	112,	54,	2,	'Next Action Date',	'Next Action Date',	5,	'',	2,	0),
(370,	112,	54,	2,	'Expected Close Date',	'Expected Close Date',	5,	'',	2,	0),
(371,	112,	54,	1,	'Next Review Date',	'Next Review Date',	5,	'',	1,	0);

DROP TABLE IF EXISTS `tbl_setting_risk_approver`;
CREATE TABLE `tbl_setting_risk_approver` (
  `id` int NOT NULL AUTO_INCREMENT,
  `name` varchar(255) CHARACTER SET utf8 COLLATE utf8_general_ci NOT NULL,
  `status` int NOT NULL DEFAULT '1' COMMENT '1 - unblock, 2 - block',
  `user_id` int NOT NULL,
  `org_id` int NOT NULL,
  `created_at` date NOT NULL,
  PRIMARY KEY (`id`)
) ENGINE=InnoDB DEFAULT CHARSET=utf8;

INSERT INTO `tbl_setting_risk_approver` (`id`, `name`, `status`, `user_id`, `org_id`, `created_at`) VALUES
(1,	' Option 1',	1,	1,	1,	'2022-03-15'),
(2,	' Option 2',	1,	1,	1,	'2022-03-15');

DROP TABLE IF EXISTS `tbl_setting_risk_assigned_to`;
CREATE TABLE `tbl_setting_risk_assigned_to` (
  `id` int NOT NULL AUTO_INCREMENT,
  `name` varchar(255) CHARACTER SET utf8 COLLATE utf8_general_ci NOT NULL,
  `status` int NOT NULL DEFAULT '1' COMMENT '1 - unblock, 2 - block',
  `user_id` int NOT NULL,
  `org_id` int NOT NULL,
  `created_at` date NOT NULL,
  PRIMARY KEY (`id`)
) ENGINE=InnoDB DEFAULT CHARSET=utf8;

INSERT INTO `tbl_setting_risk_assigned_to` (`id`, `name`, `status`, `user_id`, `org_id`, `created_at`) VALUES
(1,	' Risk Assign Option 1',	1,	1,	1,	'2022-03-15'),
(2,	' option 2',	1,	1,	1,	'2022-03-15');

DROP TABLE IF EXISTS `tbl_setting_risk_caused_by`;
CREATE TABLE `tbl_setting_risk_caused_by` (
  `id` int NOT NULL AUTO_INCREMENT,
  `name` varchar(255) CHARACTER SET utf8 COLLATE utf8_general_ci NOT NULL,
  `status` int NOT NULL DEFAULT '1' COMMENT '1 - unblock, 2 - block',
  `user_id` int NOT NULL,
  `org_id` int NOT NULL,
  `created_at` date NOT NULL,
  PRIMARY KEY (`id`)
) ENGINE=InnoDB DEFAULT CHARSET=utf8;

INSERT INTO `tbl_setting_risk_caused_by` (`id`, `name`, `status`, `user_id`, `org_id`, `created_at`) VALUES
(5,	'Customers',	1,	-1,	-1,	'2022-03-08'),
(6,	'Staff',	1,	-1,	-1,	'2022-03-08'),
(7,	'Supplier',	1,	-1,	-1,	'2022-03-08'),
(14,	'Customers',	1,	1,	1,	'0000-00-00'),
(15,	'Staff',	1,	1,	1,	'0000-00-00'),
(16,	'Supplier',	1,	1,	1,	'0000-00-00'),
(17,	'Competitor',	1,	1,	1,	'2022-05-09'),
(18,	'Customers',	1,	102,	45,	'0000-00-00'),
(19,	'Staff',	1,	102,	45,	'0000-00-00'),
(20,	'Supplier',	1,	102,	45,	'0000-00-00'),
(21,	'Customers',	1,	110,	53,	'0000-00-00'),
(22,	'Staff',	1,	110,	53,	'0000-00-00'),
(23,	'Supplier',	1,	110,	53,	'0000-00-00'),
(24,	'Customers',	1,	112,	54,	'0000-00-00'),
(25,	'Staff',	1,	112,	54,	'0000-00-00'),
(26,	'Supplier',	1,	112,	54,	'0000-00-00');

DROP TABLE IF EXISTS `tbl_setting_risk_expected_close_date`;
CREATE TABLE `tbl_setting_risk_expected_close_date` (
  `id` int NOT NULL AUTO_INCREMENT,
  `name` varchar(255) CHARACTER SET utf8 COLLATE utf8_general_ci NOT NULL,
  `status` int NOT NULL DEFAULT '1' COMMENT '1 - unblock, 2 - block',
  `user_id` int NOT NULL,
  `org_id` int NOT NULL,
  `created_at` date NOT NULL,
  PRIMARY KEY (`id`)
) ENGINE=InnoDB DEFAULT CHARSET=utf8;


DROP TABLE IF EXISTS `tbl_setting_risk_impact_on`;
CREATE TABLE `tbl_setting_risk_impact_on` (
  `id` int NOT NULL AUTO_INCREMENT,
  `name` varchar(255) CHARACTER SET utf8 COLLATE utf8_general_ci NOT NULL,
  `status` int NOT NULL DEFAULT '1' COMMENT '1 - unblock, 2 - block',
  `user_id` int NOT NULL,
  `org_id` int NOT NULL,
  `created_at` date NOT NULL,
  PRIMARY KEY (`id`)
) ENGINE=InnoDB DEFAULT CHARSET=utf8;

INSERT INTO `tbl_setting_risk_impact_on` (`id`, `name`, `status`, `user_id`, `org_id`, `created_at`) VALUES
(8,	'Business',	1,	-1,	-1,	'2022-03-08'),
(9,	'Customers',	1,	-1,	-1,	'2022-03-08'),
(10,	'Staff',	1,	-1,	-1,	'2022-03-08'),
(11,	'Reputation',	1,	-1,	-1,	'2022-03-08'),
(12,	' Cashflow',	1,	-1,	-1,	'2022-03-08'),
(23,	'Business',	1,	1,	1,	'0000-00-00'),
(24,	'Customers',	1,	1,	1,	'0000-00-00'),
(25,	'Staff',	1,	1,	1,	'0000-00-00'),
(26,	'Reputation',	1,	1,	1,	'0000-00-00'),
(27,	' Cashflow',	1,	1,	1,	'0000-00-00'),
(28,	' Operations',	1,	1,	1,	'2022-03-27'),
(29,	'Business',	1,	102,	45,	'0000-00-00'),
(30,	'Customers',	1,	102,	45,	'0000-00-00'),
(31,	'Staff',	1,	102,	45,	'0000-00-00'),
(32,	'Reputation',	1,	102,	45,	'0000-00-00'),
(33,	' Cashflow',	1,	102,	45,	'0000-00-00'),
(34,	'Business',	1,	110,	53,	'0000-00-00'),
(35,	'Customers',	1,	110,	53,	'0000-00-00'),
(36,	'Staff',	1,	110,	53,	'0000-00-00'),
(37,	'Reputation',	1,	110,	53,	'0000-00-00'),
(38,	' Cashflow',	1,	110,	53,	'0000-00-00'),
(39,	'Business',	1,	112,	54,	'0000-00-00'),
(40,	'Customers',	1,	112,	54,	'0000-00-00'),
(41,	'Staff',	1,	112,	54,	'0000-00-00'),
(42,	'Reputation',	1,	112,	54,	'0000-00-00'),
(43,	' Cashflow',	1,	112,	54,	'0000-00-00');

DROP TABLE IF EXISTS `tbl_setting_risk_next_action_date`;
CREATE TABLE `tbl_setting_risk_next_action_date` (
  `id` int NOT NULL AUTO_INCREMENT,
  `name` varchar(255) CHARACTER SET utf8 COLLATE utf8_general_ci NOT NULL,
  `status` int NOT NULL DEFAULT '1' COMMENT '1 - unblock, 2 - block',
  `user_id` int NOT NULL,
  `org_id` int NOT NULL,
  `created_at` date NOT NULL,
  PRIMARY KEY (`id`)
) ENGINE=InnoDB DEFAULT CHARSET=utf8;

INSERT INTO `tbl_setting_risk_next_action_date` (`id`, `name`, `status`, `user_id`, `org_id`, `created_at`) VALUES
(1,	'30 days',	1,	-1,	-1,	'2022-03-08'),
(4,	'30 days',	1,	1,	1,	'0000-00-00');

DROP TABLE IF EXISTS `tbl_setting_risk_next_review_date`;
CREATE TABLE `tbl_setting_risk_next_review_date` (
  `id` int NOT NULL AUTO_INCREMENT,
  `name` varchar(255) CHARACTER SET utf8 COLLATE utf8_general_ci NOT NULL,
  `status` int NOT NULL DEFAULT '1' COMMENT '1 - unblock, 2- block',
  `user_id` int NOT NULL,
  `org_id` int NOT NULL,
  `created_at` date NOT NULL,
  PRIMARY KEY (`id`)
) ENGINE=InnoDB DEFAULT CHARSET=utf8;

INSERT INTO `tbl_setting_risk_next_review_date` (`id`, `name`, `status`, `user_id`, `org_id`, `created_at`) VALUES
(8,	'30 days',	1,	-1,	-1,	'2022-03-08'),
(11,	'30 days',	1,	1,	1,	'0000-00-00');

DROP TABLE IF EXISTS `tbl_setting_risk_register_name`;
CREATE TABLE `tbl_setting_risk_register_name` (
  `id` int NOT NULL AUTO_INCREMENT,
  `name` varchar(255) CHARACTER SET utf8 COLLATE utf8_general_ci NOT NULL,
  `status` int NOT NULL DEFAULT '1' COMMENT '1 - unblock, 2- block',
  `user_id` int NOT NULL,
  `org_id` int NOT NULL,
  `created_at` date NOT NULL,
  PRIMARY KEY (`id`)
) ENGINE=InnoDB DEFAULT CHARSET=utf8;

INSERT INTO `tbl_setting_risk_register_name` (`id`, `name`, `status`, `user_id`, `org_id`, `created_at`) VALUES
(1,	'Business Risk Register',	1,	1,	1,	'2022-01-12'),
(2,	'Strategic Risk Register',	1,	1,	1,	'2022-01-12'),
(3,	' Project Risk Register',	1,	1,	1,	'2022-01-12'),
(4,	'Operational Risk Register',	1,	1,	1,	'2022-01-12'),
(5,	'IT Risk Register',	1,	1,	1,	'2022-01-12'),
(6,	'risk_RegisterNameRegisterName',	1,	1,	1,	'2022-03-01'),
(7,	'risk_Register new update',	1,	1,	1,	'2022-03-02');

DROP TABLE IF EXISTS `tbl_setting_risk_stage`;
CREATE TABLE `tbl_setting_risk_stage` (
  `id` int NOT NULL AUTO_INCREMENT,
  `name` varchar(255) CHARACTER SET utf8 COLLATE utf8_general_ci NOT NULL,
  `status` int NOT NULL DEFAULT '1' COMMENT '1 - unblock, 2 - block',
  `user_id` int NOT NULL,
  `org_id` int NOT NULL,
  `created_at` date NOT NULL,
  PRIMARY KEY (`id`)
) ENGINE=InnoDB DEFAULT CHARSET=utf8;

INSERT INTO `tbl_setting_risk_stage` (`id`, `name`, `status`, `user_id`, `org_id`, `created_at`) VALUES
(3,	'Identified',	1,	-1,	-1,	'2022-03-08'),
(4,	'Evaluation',	1,	-1,	-1,	'2022-03-08'),
(5,	'Treatment',	1,	-1,	-1,	'2022-03-08'),
(6,	'Monitoring',	1,	-1,	-1,	'2022-03-08'),
(15,	'Identified',	1,	1,	1,	'0000-00-00'),
(16,	'Evaluation',	1,	1,	1,	'0000-00-00'),
(17,	'Treatment',	1,	1,	1,	'0000-00-00'),
(18,	'Monitoring',	1,	1,	1,	'0000-00-00'),
(19,	'Identified',	1,	102,	45,	'0000-00-00'),
(20,	'Evaluation',	1,	102,	45,	'0000-00-00'),
(21,	'Treatment',	1,	102,	45,	'0000-00-00'),
(22,	'Monitoring',	1,	102,	45,	'0000-00-00'),
(23,	'Identified',	1,	110,	53,	'0000-00-00'),
(24,	'Evaluation',	1,	110,	53,	'0000-00-00'),
(25,	'Treatment',	1,	110,	53,	'0000-00-00'),
(26,	'Monitoring',	1,	110,	53,	'0000-00-00'),
(27,	'Identified',	1,	112,	54,	'0000-00-00'),
(28,	'Evaluation',	1,	112,	54,	'0000-00-00'),
(29,	'Treatment',	1,	112,	54,	'0000-00-00'),
(30,	'Monitoring',	1,	112,	54,	'0000-00-00');

DROP TABLE IF EXISTS `tbl_setting_risk_status`;
CREATE TABLE `tbl_setting_risk_status` (
  `id` int NOT NULL AUTO_INCREMENT,
  `name` varchar(255) CHARACTER SET utf8 COLLATE utf8_general_ci NOT NULL,
  `status` int NOT NULL DEFAULT '1' COMMENT '1 - unblock, 2 - block',
  `user_id` int NOT NULL,
  `org_id` int NOT NULL,
  `created_at` date NOT NULL,
  PRIMARY KEY (`id`)
) ENGINE=InnoDB DEFAULT CHARSET=utf8;

INSERT INTO `tbl_setting_risk_status` (`id`, `name`, `status`, `user_id`, `org_id`, `created_at`) VALUES
(1,	' Open',	1,	-1,	-1,	'2022-03-08'),
(2,	' In progress',	1,	-1,	-1,	'2022-03-08'),
(3,	'Under Review',	1,	-1,	-1,	'2022-03-08'),
(4,	'On-going',	1,	-1,	-1,	'2022-03-08'),
(5,	'Closed',	1,	-1,	-1,	'2022-03-08'),
(6,	'On Hold',	1,	-1,	-1,	'2022-03-08'),
(7,	'Cancelled',	1,	-1,	-1,	'2022-03-08'),
(22,	' Open',	1,	1,	1,	'0000-00-00'),
(23,	' In progress',	1,	1,	1,	'0000-00-00'),
(24,	'Under Review',	1,	1,	1,	'0000-00-00'),
(25,	'On-going',	1,	1,	1,	'0000-00-00'),
(26,	'Closed',	1,	1,	1,	'0000-00-00'),
(27,	'On Hold',	1,	1,	1,	'0000-00-00'),
(28,	'Cancelled',	1,	1,	1,	'0000-00-00'),
(29,	' Open',	1,	102,	45,	'0000-00-00'),
(30,	' In progress',	1,	102,	45,	'0000-00-00'),
(31,	'Under Review',	1,	102,	45,	'0000-00-00'),
(32,	'On-going',	1,	102,	45,	'0000-00-00'),
(33,	'Closed',	1,	102,	45,	'0000-00-00'),
(34,	'On Hold',	1,	102,	45,	'0000-00-00'),
(35,	'Cancelled',	1,	102,	45,	'0000-00-00'),
(36,	' Open',	1,	110,	53,	'0000-00-00'),
(37,	' In progress',	1,	110,	53,	'0000-00-00'),
(38,	'Under Review',	1,	110,	53,	'0000-00-00'),
(39,	'On-going',	1,	110,	53,	'0000-00-00'),
(40,	'Closed',	1,	110,	53,	'0000-00-00'),
(41,	'On Hold',	1,	110,	53,	'0000-00-00'),
(42,	'Cancelled',	1,	110,	53,	'0000-00-00'),
(43,	' Open',	1,	112,	54,	'0000-00-00'),
(44,	' In progress',	1,	112,	54,	'0000-00-00'),
(45,	'Under Review',	1,	112,	54,	'0000-00-00'),
(46,	'On-going',	1,	112,	54,	'0000-00-00'),
(47,	'Closed',	1,	112,	54,	'0000-00-00'),
(48,	'On Hold',	1,	112,	54,	'0000-00-00'),
(49,	'Cancelled',	1,	112,	54,	'0000-00-00');

DROP TABLE IF EXISTS `tbl_setting_risk_type`;
CREATE TABLE `tbl_setting_risk_type` (
  `id` int NOT NULL AUTO_INCREMENT,
  `name` varchar(255) CHARACTER SET utf8 COLLATE utf8_general_ci NOT NULL,
  `status` int NOT NULL DEFAULT '1' COMMENT '1 - unblock, 2 - block',
  `user_id` int NOT NULL,
  `org_id` int NOT NULL,
  `created_at` datetime NOT NULL,
  PRIMARY KEY (`id`)
) ENGINE=InnoDB DEFAULT CHARSET=utf8;

INSERT INTO `tbl_setting_risk_type` (`id`, `name`, `status`, `user_id`, `org_id`, `created_at`) VALUES
(14,	'Financial',	1,	-1,	-1,	'2022-03-08 00:00:00'),
(15,	'Operational',	1,	-1,	-1,	'2022-03-08 00:00:00'),
(16,	'Supply Chain',	1,	-1,	-1,	'2022-03-08 00:00:00'),
(17,	'Business',	1,	-1,	-1,	'2022-03-08 00:00:00'),
(18,	'Regulatory',	1,	-1,	-1,	'2022-03-08 00:00:00'),
(19,	'Security',	1,	-1,	-1,	'2022-03-08 00:00:00'),
(20,	'Reputational',	1,	-1,	-1,	'2022-03-08 00:00:00'),
(21,	'Geographic',	1,	-1,	-1,	'2022-03-08 00:00:00'),
(22,	'Strategy',	1,	-1,	-1,	'2022-03-08 00:00:00'),
(23,	'1',	1,	0,	1,	'0000-00-00 00:00:00'),
(24,	'1',	1,	0,	1,	'0000-00-00 00:00:00'),
(25,	'1',	1,	0,	1,	'0000-00-00 00:00:00'),
(26,	'1',	1,	0,	1,	'0000-00-00 00:00:00'),
(27,	'1',	1,	0,	1,	'0000-00-00 00:00:00'),
(28,	'1',	1,	0,	1,	'0000-00-00 00:00:00'),
(29,	'1',	1,	0,	1,	'0000-00-00 00:00:00'),
(30,	'1',	1,	0,	1,	'0000-00-00 00:00:00'),
(31,	'1',	1,	0,	1,	'0000-00-00 00:00:00'),
(32,	'1',	1,	0,	1,	'0000-00-00 00:00:00'),
(33,	'1',	1,	0,	1,	'0000-00-00 00:00:00'),
(34,	'1',	1,	0,	1,	'0000-00-00 00:00:00'),
(35,	'1',	1,	0,	1,	'0000-00-00 00:00:00'),
(36,	'1',	1,	0,	1,	'0000-00-00 00:00:00'),
(37,	'1',	1,	0,	1,	'0000-00-00 00:00:00'),
(38,	'1',	1,	0,	1,	'0000-00-00 00:00:00'),
(39,	'1',	1,	0,	1,	'0000-00-00 00:00:00'),
(40,	'1',	1,	0,	1,	'0000-00-00 00:00:00'),
(69,	'Financial',	1,	1,	1,	'0000-00-00 00:00:00'),
(70,	'Operational',	1,	1,	1,	'0000-00-00 00:00:00'),
(71,	'Supply Chain',	1,	1,	1,	'0000-00-00 00:00:00'),
(72,	'Business',	1,	1,	1,	'0000-00-00 00:00:00'),
(73,	'Regulatory',	1,	1,	1,	'0000-00-00 00:00:00'),
(74,	'Security',	1,	1,	1,	'0000-00-00 00:00:00'),
(75,	'Reputation',	1,	1,	1,	'0000-00-00 00:00:00'),
(76,	'Geographic',	1,	1,	1,	'0000-00-00 00:00:00'),
(77,	'Strategy',	1,	1,	1,	'0000-00-00 00:00:00'),
(78,	'Financial',	1,	102,	45,	'0000-00-00 00:00:00'),
(79,	'Operational',	1,	102,	45,	'0000-00-00 00:00:00'),
(80,	'Supply Chain',	1,	102,	45,	'0000-00-00 00:00:00'),
(81,	'Business',	1,	102,	45,	'0000-00-00 00:00:00'),
(82,	'Regulatory',	1,	102,	45,	'0000-00-00 00:00:00'),
(83,	'Security',	1,	102,	45,	'0000-00-00 00:00:00'),
(84,	'Reputational',	1,	102,	45,	'0000-00-00 00:00:00'),
(85,	'Geographic',	1,	102,	45,	'0000-00-00 00:00:00'),
(86,	'Strategy',	1,	102,	45,	'0000-00-00 00:00:00'),
(87,	'Financial',	1,	110,	53,	'0000-00-00 00:00:00'),
(88,	'Operational',	1,	110,	53,	'0000-00-00 00:00:00'),
(89,	'Supply Chain',	1,	110,	53,	'0000-00-00 00:00:00'),
(90,	'Business',	1,	110,	53,	'0000-00-00 00:00:00'),
(91,	'Regulatory',	1,	110,	53,	'0000-00-00 00:00:00'),
(92,	'Security',	1,	110,	53,	'0000-00-00 00:00:00'),
(93,	'Reputational',	1,	110,	53,	'0000-00-00 00:00:00'),
(94,	'Geographic',	1,	110,	53,	'0000-00-00 00:00:00'),
(95,	'Strategy',	1,	110,	53,	'0000-00-00 00:00:00'),
(96,	'Financial',	1,	112,	54,	'0000-00-00 00:00:00'),
(97,	'Operational',	1,	112,	54,	'0000-00-00 00:00:00'),
(98,	'Supply Chain',	1,	112,	54,	'0000-00-00 00:00:00'),
(99,	'Business',	1,	112,	54,	'0000-00-00 00:00:00'),
(100,	'Regulatory',	1,	112,	54,	'0000-00-00 00:00:00'),
(101,	'Security',	1,	112,	54,	'0000-00-00 00:00:00'),
(102,	'Reputational',	1,	112,	54,	'0000-00-00 00:00:00'),
(103,	'Geographic',	1,	112,	54,	'0000-00-00 00:00:00'),
(104,	'Strategy',	1,	112,	54,	'0000-00-00 00:00:00');

DROP TABLE IF EXISTS `tbl_setting_risk_visible_to`;
CREATE TABLE `tbl_setting_risk_visible_to` (
  `id` int NOT NULL AUTO_INCREMENT,
  `name` varchar(255) CHARACTER SET utf8 COLLATE utf8_general_ci NOT NULL,
  `status` int NOT NULL DEFAULT '1' COMMENT '1 - unblock, 2 - block',
  `user_id` int NOT NULL,
  `org_id` int NOT NULL,
  `created_at` date NOT NULL,
  PRIMARY KEY (`id`)
) ENGINE=InnoDB DEFAULT CHARSET=utf8;

INSERT INTO `tbl_setting_risk_visible_to` (`id`, `name`, `status`, `user_id`, `org_id`, `created_at`) VALUES
(1,	'All',	1,	-1,	-1,	'2022-03-08'),
(2,	'Assignee only',	1,	-1,	-1,	'2022-03-08'),
(7,	'All',	1,	1,	1,	'0000-00-00'),
(8,	'Specified People',	1,	1,	1,	'0000-00-00'),
(9,	'All',	1,	102,	45,	'0000-00-00'),
(10,	'Assignee only',	1,	102,	45,	'0000-00-00'),
(11,	'All',	1,	110,	53,	'0000-00-00'),
(12,	'Assignee only',	1,	110,	53,	'0000-00-00'),
(13,	'All',	1,	112,	54,	'0000-00-00'),
(14,	'Assignee only',	1,	112,	54,	'0000-00-00');

DROP TABLE IF EXISTS `tbl_sidebar_module`;
CREATE TABLE `tbl_sidebar_module` (
  `id` int NOT NULL AUTO_INCREMENT,
  `name` varchar(255) NOT NULL,
  `created_at` timestamp NOT NULL,
  PRIMARY KEY (`id`)
) ENGINE=InnoDB DEFAULT CHARSET=utf8mb4 COLLATE=utf8mb4_0900_ai_ci;

INSERT INTO `tbl_sidebar_module` (`id`, `name`, `created_at`) VALUES
(1,	'Risk',	'2022-02-07 07:49:42'),
(2,	'Action',	'2022-02-07 07:49:56'),
(3,	'Document',	'2022-02-07 07:50:13');

DROP TABLE IF EXISTS `tbl_team`;
CREATE TABLE `tbl_team` (
  `id` int NOT NULL AUTO_INCREMENT,
  `user_id` int NOT NULL,
  `org_id` int NOT NULL,
  `team_name` varchar(255) CHARACTER SET utf8mb4 COLLATE utf8mb4_0900_ai_ci NOT NULL,
  `address` text CHARACTER SET utf8mb4 COLLATE utf8mb4_0900_ai_ci NOT NULL,
  `country` varchar(255) CHARACTER SET utf8mb4 COLLATE utf8mb4_0900_ai_ci NOT NULL,
  `state` varchar(255) CHARACTER SET utf8mb4 COLLATE utf8mb4_0900_ai_ci NOT NULL,
  `other_detail` text CHARACTER SET utf8mb4 COLLATE utf8mb4_0900_ai_ci NOT NULL,
  `visibility` int NOT NULL DEFAULT '1' COMMENT '1 - open, 2 - closed',
  PRIMARY KEY (`id`)
) ENGINE=InnoDB DEFAULT CHARSET=utf8mb4 COLLATE=utf8mb4_0900_ai_ci;

INSERT INTO `tbl_team` (`id`, `user_id`, `org_id`, `team_name`, `address`, `country`, `state`, `other_detail`, `visibility`) VALUES
(16,	1,	1,	'Team Warrior',	'wall street',	'Australia',	'Victoria',	'We can do it guys....!!!',	1),
(17,	1,	1,	'Team Swagger',	'vijay nagar',	'India',	'Jharkhand',	'this is dummy description',	1),
(18,	1,	1,	'Berwick',	'indore mp',	'India',	'Madhya Pradesh',	'this is test info',	1),
(19,	1,	1,	'South Yarra',	'indore mp',	'India',	'Madhya Pradesh',	'Team from South Yarra',	1),
(20,	1,	1,	'Team Finance',	'6 Tawney Rd',	'Australia',	'Victoria',	'Fiannce team across org',	1),
(21,	1,	1,	'Development Team',	'Palasia',	'India',	'Madhya Pradesh',	'dummy description',	1);

DROP TABLE IF EXISTS `tbl_user_link`;
CREATE TABLE `tbl_user_link` (
  `id` int NOT NULL AUTO_INCREMENT,
  `user_id` int NOT NULL,
  `org_id` int NOT NULL,
  `firstname` varchar(255) NOT NULL,
  `lastname` varchar(255) NOT NULL,
  `email` varchar(255) NOT NULL,
  `password` text CHARACTER SET utf8mb4 COLLATE utf8mb4_0900_ai_ci,
  `phone` varchar(255) NOT NULL,
  `subscription_id` varchar(255) CHARACTER SET utf8mb4 COLLATE utf8mb4_0900_ai_ci DEFAULT NULL,
  `job_title` varchar(255) CHARACTER SET utf8mb4 COLLATE utf8mb4_0900_ai_ci DEFAULT NULL,
  `country_code` varchar(255) CHARACTER SET utf8mb4 COLLATE utf8mb4_0900_ai_ci DEFAULT NULL,
  `description` varchar(255) CHARACTER SET utf8mb4 COLLATE utf8mb4_0900_ai_ci DEFAULT NULL,
  `address` varchar(255) CHARACTER SET utf8mb4 COLLATE utf8mb4_0900_ai_ci DEFAULT NULL,
  `state` varchar(255) CHARACTER SET utf8mb4 COLLATE utf8mb4_0900_ai_ci DEFAULT NULL,
  `city` varchar(255) CHARACTER SET utf8mb4 COLLATE utf8mb4_0900_ai_ci DEFAULT NULL,
  `user_type` varchar(255) CHARACTER SET utf8mb4 COLLATE utf8mb4_0900_ai_ci DEFAULT '1' COMMENT '1 = Admin ,2-Author, 3- Contributor, 4- Viewer, 5 -Guest ',
  `owner_type` varchar(255) CHARACTER SET utf8mb4 COLLATE utf8mb4_0900_ai_ci DEFAULT '1' COMMENT '1= Admin, 2- employee, 3-Guest',
  `job_id` int NOT NULL,
  `team` varchar(255) NOT NULL,
  `fcm_token` longtext CHARACTER SET utf8mb4 COLLATE utf8mb4_0900_ai_ci,
  `reset_code` varchar(255) CHARACTER SET utf8mb4 COLLATE utf8mb4_0900_ai_ci DEFAULT NULL,
  `social` varchar(255) CHARACTER SET utf8mb4 COLLATE utf8mb4_0900_ai_ci DEFAULT NULL,
  `otp` varchar(255) CHARACTER SET utf8mb4 COLLATE utf8mb4_0900_ai_ci DEFAULT NULL,
  `token` longtext CHARACTER SET utf8mb4 COLLATE utf8mb4_0900_ai_ci,
  `act_token` varchar(255) CHARACTER SET utf8mb4 COLLATE utf8mb4_0900_ai_ci DEFAULT NULL,
  `status` int DEFAULT '0' COMMENT '0 = not verify, 1 = verified',
  `notification_status` int DEFAULT '1',
  `created_at` timestamp NOT NULL ON UPDATE CURRENT_TIMESTAMP,
  `cur_user_id` varchar(255) CHARACTER SET utf8mb4 COLLATE utf8mb4_0900_ai_ci NOT NULL,
  `cur_org_id` varchar(255) CHARACTER SET utf8mb4 COLLATE utf8mb4_0900_ai_ci NOT NULL,
  PRIMARY KEY (`id`)
) ENGINE=InnoDB DEFAULT CHARSET=utf8mb4 COLLATE=utf8mb4_0900_ai_ci;

INSERT INTO `tbl_user_link` (`id`, `user_id`, `org_id`, `firstname`, `lastname`, `email`, `password`, `phone`, `subscription_id`, `job_title`, `country_code`, `description`, `address`, `state`, `city`, `user_type`, `owner_type`, `job_id`, `team`, `fcm_token`, `reset_code`, `social`, `otp`, `token`, `act_token`, `status`, `notification_status`, `created_at`, `cur_user_id`, `cur_org_id`) VALUES
(5,	1,	1,	'',	'',	'',	'',	'',	'',	'',	'',	'',	'',	'',	'',	'',	'',	0,	'',	NULL,	NULL,	NULL,	NULL,	NULL,	NULL,	0,	1,	'0000-00-00 00:00:00',	'',	''),
(6,	8,	2,	'',	'',	'',	'',	'',	'',	'',	'',	'',	'',	'',	'',	'',	'',	0,	'',	NULL,	NULL,	NULL,	NULL,	NULL,	NULL,	0,	1,	'0000-00-00 00:00:00',	'',	''),
(7,	9,	3,	'',	'',	'',	'',	'',	'',	'',	'',	'',	'',	'',	'',	'',	'',	0,	'',	NULL,	NULL,	NULL,	NULL,	NULL,	NULL,	0,	1,	'0000-00-00 00:00:00',	'',	''),
(8,	10,	4,	'',	'',	'',	'',	'',	'',	'',	'',	'',	'',	'',	'',	'',	'',	0,	'',	NULL,	NULL,	NULL,	NULL,	NULL,	NULL,	0,	1,	'0000-00-00 00:00:00',	'',	''),
(9,	11,	5,	'',	'',	'',	'',	'',	'',	'',	'',	'',	'',	'',	'',	'',	'',	0,	'',	NULL,	NULL,	NULL,	NULL,	NULL,	NULL,	0,	1,	'0000-00-00 00:00:00',	'',	''),
(10,	12,	6,	'',	'',	'',	'',	'',	'',	'',	'',	'',	'',	'',	'',	'',	'',	0,	'',	NULL,	NULL,	NULL,	NULL,	NULL,	NULL,	0,	1,	'0000-00-00 00:00:00',	'',	''),
(11,	13,	7,	'',	'',	'',	'',	'',	'',	'',	'',	'',	'',	'',	'',	'',	'',	0,	'',	NULL,	NULL,	NULL,	NULL,	NULL,	NULL,	0,	1,	'0000-00-00 00:00:00',	'',	''),
(12,	14,	8,	'',	'',	'',	'',	'',	'',	'',	'',	'',	'',	'',	'',	'',	'',	0,	'',	NULL,	NULL,	NULL,	NULL,	NULL,	NULL,	0,	1,	'0000-00-00 00:00:00',	'',	''),
(13,	15,	9,	'',	'',	'',	'',	'',	'',	'',	'',	'',	'',	'',	'',	'',	'',	0,	'',	NULL,	NULL,	NULL,	NULL,	NULL,	NULL,	0,	1,	'0000-00-00 00:00:00',	'',	''),
(14,	16,	10,	'',	'',	'',	'',	'',	'',	'',	'',	'',	'',	'',	'',	'',	'',	0,	'',	NULL,	NULL,	NULL,	NULL,	NULL,	NULL,	0,	1,	'0000-00-00 00:00:00',	'',	''),
(15,	17,	11,	'',	'',	'',	'',	'',	'',	'',	'',	'',	'',	'',	'',	'',	'',	0,	'',	NULL,	NULL,	NULL,	NULL,	NULL,	NULL,	0,	1,	'0000-00-00 00:00:00',	'',	''),
(16,	18,	12,	'',	'',	'',	'',	'',	'',	'',	'',	'',	'',	'',	'',	'',	'',	0,	'',	NULL,	NULL,	NULL,	NULL,	NULL,	NULL,	0,	1,	'0000-00-00 00:00:00',	'',	''),
(17,	19,	13,	'',	'',	'',	'',	'',	'',	'',	'',	'',	'',	'',	'',	'',	'',	0,	'',	NULL,	NULL,	NULL,	NULL,	NULL,	NULL,	0,	1,	'0000-00-00 00:00:00',	'',	''),
(18,	23,	14,	'',	'',	'',	'',	'',	'',	'',	'',	'',	'',	'',	'',	'',	'',	0,	'',	NULL,	NULL,	NULL,	NULL,	NULL,	NULL,	0,	1,	'0000-00-00 00:00:00',	'',	''),
(19,	30,	15,	'',	'',	'',	'',	'',	'',	'',	'',	'',	'',	'',	'',	'',	'',	0,	'',	NULL,	NULL,	NULL,	NULL,	NULL,	NULL,	0,	1,	'0000-00-00 00:00:00',	'',	''),
(20,	31,	16,	'',	'',	'',	'',	'',	'',	'',	'',	'',	'',	'',	'',	'',	'',	0,	'',	NULL,	NULL,	NULL,	NULL,	NULL,	NULL,	0,	1,	'0000-00-00 00:00:00',	'',	''),
(21,	32,	17,	'',	'',	'',	'',	'',	'',	'',	'',	'',	'',	'',	'',	'',	'',	0,	'',	NULL,	NULL,	NULL,	NULL,	NULL,	NULL,	0,	1,	'0000-00-00 00:00:00',	'',	''),
(22,	33,	18,	'',	'',	'',	'',	'',	'',	'',	'',	'',	'',	'',	'',	'',	'',	0,	'',	NULL,	NULL,	NULL,	NULL,	NULL,	NULL,	0,	1,	'0000-00-00 00:00:00',	'',	''),
(23,	34,	19,	'',	'',	'',	'',	'',	'',	'',	'',	'',	'',	'',	'',	'',	'',	0,	'',	NULL,	NULL,	NULL,	NULL,	NULL,	NULL,	0,	1,	'0000-00-00 00:00:00',	'',	''),
(24,	35,	20,	'',	'',	'',	'',	'',	'',	'',	'',	'',	'',	'',	'',	'',	'',	0,	'',	NULL,	NULL,	NULL,	NULL,	NULL,	NULL,	0,	1,	'0000-00-00 00:00:00',	'',	''),
(25,	36,	21,	'',	'',	'',	'',	'',	'',	'',	'',	'',	'',	'',	'',	'',	'',	0,	'',	NULL,	NULL,	NULL,	NULL,	NULL,	NULL,	0,	1,	'0000-00-00 00:00:00',	'',	''),
(26,	51,	22,	'',	'',	'',	'',	'',	'',	'',	'',	'',	'',	'',	'',	'',	'',	0,	'',	NULL,	NULL,	NULL,	NULL,	NULL,	NULL,	0,	1,	'0000-00-00 00:00:00',	'',	''),
(27,	63,	23,	'',	'',	'',	'',	'',	'',	'',	'',	'',	'',	'',	'',	'',	'',	0,	'',	NULL,	NULL,	NULL,	NULL,	NULL,	NULL,	0,	1,	'0000-00-00 00:00:00',	'',	''),
(28,	64,	24,	'',	'',	'',	'',	'',	'',	'',	'',	'',	'',	'',	'',	'',	'',	0,	'',	NULL,	NULL,	NULL,	NULL,	NULL,	NULL,	0,	1,	'0000-00-00 00:00:00',	'',	''),
(29,	70,	25,	'',	'',	'',	'',	'',	'',	'',	'',	'',	'',	'',	'',	'',	'',	0,	'',	NULL,	NULL,	NULL,	NULL,	NULL,	NULL,	0,	1,	'0000-00-00 00:00:00',	'',	''),
(30,	72,	26,	'',	'',	'',	'',	'',	'',	'',	'',	'',	'',	'',	'',	'',	'',	0,	'',	NULL,	NULL,	NULL,	NULL,	NULL,	NULL,	0,	1,	'0000-00-00 00:00:00',	'',	''),
(31,	76,	27,	'',	'',	'',	'',	'',	'',	'',	'',	'',	'',	'',	'',	'',	'',	0,	'',	NULL,	NULL,	NULL,	NULL,	NULL,	NULL,	0,	1,	'0000-00-00 00:00:00',	'',	''),
(32,	77,	28,	'',	'',	'',	'',	'',	'',	'',	'',	'',	'',	'',	'',	'',	'',	0,	'',	NULL,	NULL,	NULL,	NULL,	NULL,	NULL,	0,	1,	'0000-00-00 00:00:00',	'',	''),
(33,	78,	29,	'',	'',	'',	'',	'',	'',	'',	'',	'',	'',	'',	'',	'',	'',	0,	'',	NULL,	NULL,	NULL,	NULL,	NULL,	NULL,	0,	1,	'0000-00-00 00:00:00',	'',	''),
(34,	83,	30,	'',	'',	'',	'',	'',	'',	'',	'',	'',	'',	'',	'',	'',	'',	0,	'',	NULL,	NULL,	NULL,	NULL,	NULL,	NULL,	0,	1,	'0000-00-00 00:00:00',	'',	''),
(35,	85,	31,	'',	'',	'',	'',	'',	'',	'',	'',	'',	'',	'',	'',	'',	'',	0,	'',	NULL,	NULL,	NULL,	NULL,	NULL,	NULL,	0,	1,	'0000-00-00 00:00:00',	'',	''),
(36,	87,	32,	'',	'',	'',	'',	'',	'',	'',	'',	'',	'',	'',	'',	'',	'',	0,	'',	NULL,	NULL,	NULL,	NULL,	NULL,	NULL,	0,	1,	'0000-00-00 00:00:00',	'',	''),
(37,	90,	33,	'',	'',	'',	'',	'',	'',	'',	'',	'',	'',	'',	'',	'',	'',	0,	'',	NULL,	NULL,	NULL,	NULL,	NULL,	NULL,	0,	1,	'0000-00-00 00:00:00',	'',	''),
(38,	92,	36,	'',	'',	'',	'',	'',	'',	'',	'',	'',	'',	'',	'',	'',	'',	0,	'',	NULL,	NULL,	NULL,	NULL,	NULL,	NULL,	0,	1,	'0000-00-00 00:00:00',	'',	''),
(39,	93,	37,	'',	'',	'',	'',	'',	'',	'',	'',	'',	'',	'',	'',	'',	'',	0,	'',	NULL,	NULL,	NULL,	NULL,	NULL,	NULL,	0,	1,	'0000-00-00 00:00:00',	'',	''),
(47,	32,	17,	'deepa',	'singh',	'deepa@mailinator.com',	'$2a$10$h3H2a.4kunRNo/bDyzm2uu0qJqmYwLAZ9Ep9Qk6SGgn.dMiKEfFaO',	'7856985696',	NULL,	'web developer',	NULL,	NULL,	NULL,	NULL,	NULL,	'2',	'2',	1,	'',	NULL,	NULL,	NULL,	NULL,	NULL,	NULL,	0,	1,	'0000-00-00 00:00:00',	'11',	'5'),
(48,	98,	41,	'',	'',	'',	NULL,	'',	NULL,	NULL,	NULL,	NULL,	NULL,	NULL,	NULL,	'1',	'1',	0,	'',	NULL,	NULL,	NULL,	NULL,	NULL,	NULL,	0,	1,	'0000-00-00 00:00:00',	'',	''),
(49,	99,	42,	'',	'',	'',	NULL,	'',	NULL,	NULL,	NULL,	NULL,	NULL,	NULL,	NULL,	'1',	'1',	0,	'',	NULL,	NULL,	NULL,	NULL,	NULL,	NULL,	0,	1,	'0000-00-00 00:00:00',	'',	''),
(50,	100,	43,	'',	'',	'',	NULL,	'',	NULL,	NULL,	NULL,	NULL,	NULL,	NULL,	NULL,	'1',	'1',	0,	'',	NULL,	NULL,	NULL,	NULL,	NULL,	NULL,	0,	1,	'0000-00-00 00:00:00',	'',	''),
(52,	102,	45,	'',	'',	'',	NULL,	'',	NULL,	NULL,	NULL,	NULL,	NULL,	NULL,	NULL,	'1',	'1',	0,	'',	NULL,	NULL,	NULL,	NULL,	NULL,	NULL,	0,	1,	'0000-00-00 00:00:00',	'',	''),
(58,	108,	51,	'',	'',	'',	NULL,	'',	NULL,	NULL,	NULL,	NULL,	NULL,	NULL,	NULL,	'1',	'1',	0,	'',	NULL,	NULL,	NULL,	NULL,	NULL,	NULL,	0,	1,	'0000-00-00 00:00:00',	'',	''),
(59,	109,	52,	'',	'',	'',	NULL,	'',	NULL,	NULL,	NULL,	NULL,	NULL,	NULL,	NULL,	'1',	'1',	0,	'',	NULL,	NULL,	NULL,	NULL,	NULL,	NULL,	0,	1,	'0000-00-00 00:00:00',	'',	''),
(60,	110,	53,	'',	'',	'',	NULL,	'',	NULL,	NULL,	NULL,	NULL,	NULL,	NULL,	NULL,	'1',	'1',	0,	'',	NULL,	NULL,	NULL,	NULL,	NULL,	NULL,	0,	1,	'0000-00-00 00:00:00',	'',	''),
(61,	112,	54,	'',	'',	'',	NULL,	'',	NULL,	NULL,	NULL,	NULL,	NULL,	NULL,	NULL,	'1',	'1',	0,	'',	NULL,	NULL,	NULL,	NULL,	NULL,	NULL,	0,	1,	'0000-00-00 00:00:00',	'',	'');

DROP TABLE IF EXISTS `users`;
CREATE TABLE `users` (
  `id` int NOT NULL AUTO_INCREMENT,
  `firstname` varchar(255) NOT NULL,
  `lastname` varchar(255) NOT NULL,
  `email` varchar(255) NOT NULL,
  `password` text,
  `link_users` varchar(225) NOT NULL,
  `team` varchar(555) CHARACTER SET latin1 COLLATE latin1_swedish_ci NOT NULL,
  `phone` varchar(255) NOT NULL,
  `subscription_id` int DEFAULT NULL,
  `job_title` varchar(255) DEFAULT NULL,
  `country_code` varchar(255) DEFAULT NULL,
  `description` text,
  `address` varchar(255) DEFAULT NULL,
  `state` varchar(255) DEFAULT NULL,
  `city` varchar(255) DEFAULT NULL,
  `user_type` varchar(255) DEFAULT '1' COMMENT '1 = Admin ,2-Author, 3- Contributor, 4- Viewer, 5 -Guest ',
  `owner_type` varchar(255) CHARACTER SET latin1 COLLATE latin1_swedish_ci DEFAULT '1' COMMENT '1= Admin, 2- employee, 3-Guest',
  `job_id` int NOT NULL,
  `fcm_token` longtext,
  `reset_code` varchar(255) DEFAULT NULL,
  `social` varchar(255) DEFAULT NULL,
  `otp` varchar(255) DEFAULT NULL,
  `token` longtext,
  `act_token` varchar(225) NOT NULL,
  `status` int DEFAULT '0' COMMENT '0 = not verify, 1 = verified',
  `notification_status` int NOT NULL DEFAULT '1',
  `created_at` timestamp NOT NULL DEFAULT CURRENT_TIMESTAMP ON UPDATE CURRENT_TIMESTAMP,
  `org_id` int NOT NULL,
  `user_id` int NOT NULL,
  PRIMARY KEY (`id`)
) ENGINE=InnoDB DEFAULT CHARSET=latin1;

INSERT INTO `users` (`id`, `firstname`, `lastname`, `email`, `password`, `link_users`, `team`, `phone`, `subscription_id`, `job_title`, `country_code`, `description`, `address`, `state`, `city`, `user_type`, `owner_type`, `job_id`, `fcm_token`, `reset_code`, `social`, `otp`, `token`, `act_token`, `status`, `notification_status`, `created_at`, `org_id`, `user_id`) VALUES
(1,	'amar',	'sharma',	'amar@mailinator.com',	'$2a$10$FCfo7Dl9TPwNlV/81a/miu6MtayeACckNEQcECDe33yYB.qKgE3dO',	'2,3,75,84,90,91',	'',	'8956238596',	NULL,	'web developer',	NULL,	NULL,	NULL,	NULL,	NULL,	'1',	'1',	3,	NULL,	NULL,	NULL,	NULL,	'20325108',	'',	0,	1,	'2022-05-20 12:58:05',	1,	0),
(2,	'vijay 11112',	'kumar',	'vijay@mailinator.com',	'$2a$10$nr9GotMNdL0zovWRIROHNeXLVWAEfkz1AD.Y/7kBvelZI3YKjXo6.',	'1,75',	'',	'8956238596',	NULL,	'web developer',	NULL,	NULL,	NULL,	NULL,	NULL,	'2',	'2',	1,	NULL,	NULL,	NULL,	NULL,	'',	'',	0,	1,	'2022-05-06 11:16:34',	1,	1),
(3,	'ajay',	'kumar',	'ajay@mailinator.com',	NULL,	'',	'16',	'8956238596',	NULL,	'web designer',	NULL,	NULL,	NULL,	NULL,	NULL,	'4',	'2',	1,	NULL,	NULL,	NULL,	NULL,	NULL,	'',	0,	1,	'2022-03-09 07:41:43',	1,	1),
(4,	'zakhir',	'khan sdfsdf',	'zakhir@mailinator.com',	NULL,	'',	'',	'7845256698',	NULL,	'webbbb',	NULL,	NULL,	NULL,	NULL,	NULL,	'3',	'2',	1,	NULL,	NULL,	NULL,	NULL,	NULL,	'',	0,	1,	'2022-02-19 11:10:47',	1,	1),
(5,	'abcsfd',	'test1111',	'abctest@mailinator.com',	NULL,	'',	'',	'7788999445',	NULL,	'web developer',	NULL,	NULL,	NULL,	NULL,	NULL,	'3',	'2',	1,	NULL,	NULL,	NULL,	NULL,	NULL,	'',	0,	1,	'2022-02-24 10:08:25',	1,	1),
(6,	'Vasudevan',	'Srinivasan',	'vasudevanss@gmail.com',	NULL,	'',	'',	'0452264123',	NULL,	'Finance manager update',	NULL,	NULL,	NULL,	NULL,	NULL,	'3',	'2',	1,	NULL,	NULL,	NULL,	NULL,	NULL,	'',	0,	1,	'2022-02-19 11:10:47',	1,	1),
(7,	'testuser',	'test',	'testuser@mailinator.com',	NULL,	'',	'',	'7894561230',	NULL,	'testuser',	NULL,	NULL,	NULL,	NULL,	NULL,	'4',	'2',	1,	NULL,	NULL,	NULL,	NULL,	NULL,	'',	0,	1,	'2022-02-19 11:10:47',	1,	54),
(8,	'sasd',	'dsdsdsd',	'kamlesh.ctinfotech@gmail.com',	'$2a$10$8m3bK0oLBFE7X6shGQBoCeN/VExQQ5SaY3gVGwE6inWUYp5lOLgGK',	'',	'',	'',	NULL,	NULL,	NULL,	NULL,	NULL,	NULL,	NULL,	'1',	'1',	1,	NULL,	NULL,	'107903566911567467982',	NULL,	'12877578',	'',	0,	1,	'2022-05-23 09:47:06',	2,	0),
(9,	'Kamlesh',	'Sharma',	'testingadmin123@gmail.com',	'$2a$10$AnsqpeEeIChWnlgUvDFRC.baSz5CBRJJczsftmJzd2m9iNXTtCUfO',	'',	'',	'',	NULL,	NULL,	NULL,	NULL,	NULL,	NULL,	NULL,	'1',	'1',	1,	NULL,	NULL,	NULL,	NULL,	NULL,	'',	0,	1,	'2022-02-19 11:10:47',	3,	0),
(10,	'Kamlesh',	'Sharma',	'kamlesh.ctotech@gmail.com',	'$2a$10$2I4AdMT9y6vwNn7N2lVgL.XSK4cSmFrGIovNUmQsZy3WUdnMJW/lq',	'',	'',	'',	NULL,	NULL,	NULL,	NULL,	NULL,	NULL,	NULL,	'1',	'1',	1,	NULL,	NULL,	NULL,	NULL,	NULL,	'',	0,	1,	'2022-02-19 11:10:47',	4,	0),
(11,	'deepa',	'asd',	'deepa@mailinator.com',	'$2a$10$Ll/Ap90fKfFIkvm2T5TloOTJEjI/K.s7ZlY2TIsitTepLxzny0k5e',	'32',	'',	'',	NULL,	NULL,	NULL,	NULL,	NULL,	NULL,	NULL,	'1',	'1',	1,	NULL,	NULL,	NULL,	NULL,	NULL,	'',	0,	1,	'2022-05-24 07:58:41',	5,	0),
(12,	'Kamlesh',	'Sharma',	'testingamin123@gmail.com',	'$2a$10$j9b436IHPTSJqH59ZTd6R.avAfRpC.zBJnSIBMdWn8lx/ORCqcZai',	'',	'',	'',	NULL,	NULL,	NULL,	NULL,	NULL,	NULL,	NULL,	'1',	'1',	1,	NULL,	NULL,	NULL,	NULL,	NULL,	'',	0,	1,	'2022-02-19 11:10:47',	6,	0),
(13,	'adsasd',	'asdasd',	'asdasdasd@gmail.com',	'$2a$10$scuHn/Ook7j6NZ88pJmD6OVSmmRsLg94bQ4jhdKN8/cbsW7.m5DGy',	'',	'',	'',	NULL,	NULL,	NULL,	NULL,	NULL,	NULL,	NULL,	'1',	'1',	1,	NULL,	NULL,	NULL,	NULL,	NULL,	'',	0,	1,	'2022-02-19 11:10:47',	7,	0),
(14,	'ajay',	'kumar',	'ajay2255@mailinator.com',	'$2a$10$jwxtex1G5ZgRb2KC4XO1X.0UhWxNtv9uyeMe4MDdmEFJtKdxhMoRy',	'',	'',	'',	NULL,	NULL,	NULL,	NULL,	NULL,	NULL,	NULL,	'1',	'1',	1,	NULL,	NULL,	NULL,	NULL,	NULL,	'',	0,	1,	'2022-02-19 11:10:47',	8,	0),
(15,	'ajay',	'kumar',	'ajay2255111@mailinator.com',	'$2a$10$IwjBxH0NI2XhNdtxjgVV.e2TU82yFVgOFGV2Cpv5eQ50L6hzx3hna',	'',	'',	'',	NULL,	NULL,	NULL,	NULL,	NULL,	NULL,	NULL,	'1',	'1',	1,	NULL,	NULL,	NULL,	NULL,	NULL,	'',	0,	1,	'2022-02-19 11:10:47',	9,	0),
(16,	'riya',	'kumar',	'rja22555@mailinator.com',	'$2a$10$nZ30NAo.UtN.4d./toBpRusAMwBmDyPhTlJm8JAwQ2DTI.IXnfBl6',	'',	'',	'',	NULL,	NULL,	NULL,	NULL,	NULL,	NULL,	NULL,	'1',	'1',	1,	NULL,	NULL,	NULL,	NULL,	NULL,	'',	0,	1,	'2022-05-23 07:50:41',	10,	0),
(17,	'vijay',	'kumar',	'vijay2251@mailinator.com',	'$2a$10$A/94jSMA5/khC87G7FZDw.7IB2m6r0OypazTnwdY1UnNMUouKEO7.',	'',	'',	'',	NULL,	NULL,	NULL,	NULL,	NULL,	NULL,	NULL,	'1',	'1',	1,	NULL,	NULL,	NULL,	NULL,	NULL,	'89335861',	0,	1,	'2022-05-24 08:00:06',	11,	0),
(18,	'ajay',	'kumar',	'vijay225111@mailinator.com',	'$2a$10$bq4pyjBS4riC9VEY8.JPUelMRKcZrZfIBetvuouRZto1WCUgtuE6a',	'',	'',	'',	NULL,	NULL,	NULL,	NULL,	NULL,	NULL,	NULL,	'1',	'1',	1,	NULL,	NULL,	NULL,	NULL,	NULL,	'67536754',	0,	1,	'2022-02-19 11:10:47',	12,	0),
(19,	'ajay',	'kumar',	'vijay22511122@mailinator.com',	'$2a$10$WTDreCbiMuWNs24.TiGrs.mTeDvjmXaKtgsAYoMMBU9WU2V6bbzNC',	'',	'',	'',	NULL,	NULL,	NULL,	NULL,	NULL,	NULL,	NULL,	'1',	'1',	1,	NULL,	NULL,	NULL,	NULL,	NULL,	'14272551',	0,	1,	'2022-02-19 11:10:47',	13,	0),
(20,	'karan',	'singh',	'karan889@mailinator.com',	NULL,	'',	'',	'7856985696',	NULL,	'web developer',	NULL,	NULL,	NULL,	NULL,	NULL,	'3',	'2',	1,	NULL,	NULL,	NULL,	NULL,	NULL,	'31253287',	0,	1,	'2022-02-19 11:10:47',	1,	1),
(21,	'karan',	'singh',	'karan889222@mailinator.com',	NULL,	'',	'',	'7856985696',	NULL,	'web developer',	NULL,	NULL,	NULL,	NULL,	NULL,	'1',	'2',	1,	NULL,	NULL,	NULL,	NULL,	NULL,	'53376080',	0,	1,	'2022-02-25 10:18:29',	1,	1),
(22,	'ajay',	'kumar',	'testing11chand@mailinator.com',	NULL,	'',	'',	'',	NULL,	NULL,	NULL,	NULL,	NULL,	NULL,	NULL,	'1',	'1',	1,	NULL,	NULL,	'dsgfdsgdsgdsg1241241211111178333www2222',	NULL,	NULL,	'',	0,	1,	'2022-02-19 11:10:47',	0,	0),
(23,	'ram',	'kumar',	'ram226@mailinator.com',	'$2a$10$sEU.2gsOLpqZwUsodm6hrOKoKc7Rj35w2MLrZXGrtFN7svtjqXB86',	'',	'',	'',	NULL,	NULL,	NULL,	NULL,	NULL,	NULL,	NULL,	'1',	'1',	1,	NULL,	NULL,	NULL,	NULL,	NULL,	'',	0,	1,	'2022-02-19 11:10:47',	14,	0),
(24,	'karan',	'singh',	'karan8859@mailinator.com',	NULL,	'',	'',	'7856985696',	NULL,	'web developer',	NULL,	NULL,	NULL,	NULL,	NULL,	'3',	'2',	1,	NULL,	NULL,	NULL,	NULL,	NULL,	'38426204',	0,	1,	'2022-02-19 11:10:47',	1,	1),
(25,	'Roger',	'Ramjet',	'roget@roger.com',	NULL,	'',	'',	'0435678987',	NULL,	'GM',	NULL,	NULL,	NULL,	NULL,	NULL,	'3',	'2',	1,	NULL,	NULL,	NULL,	NULL,	NULL,	'18790031',	0,	1,	'2022-02-19 11:10:47',	1,	1),
(26,	'adam',	'sin',	'adam@mailinator.com',	NULL,	'',	'',	'7856985696',	NULL,	'driver',	NULL,	NULL,	NULL,	NULL,	NULL,	'4',	'2',	1,	NULL,	NULL,	NULL,	NULL,	NULL,	'96389574',	0,	1,	'2022-02-25 10:18:27',	1,	1),
(27,	'rajiv',	'sharma',	'rajiv22223@mailinator.com',	NULL,	'',	'1,2,3,16,17',	'8956238596',	NULL,	'web developers',	NULL,	NULL,	NULL,	NULL,	NULL,	'2',	'2',	3,	NULL,	NULL,	NULL,	NULL,	NULL,	'72501092',	0,	1,	'2022-04-15 04:55:47',	1,	1),
(28,	'rajiv',	'sharma',	'rajiv2222223@mailinator.com',	NULL,	'',	'',	'7856985691',	NULL,	'web developer',	NULL,	NULL,	NULL,	NULL,	NULL,	'3',	'2',	2,	NULL,	NULL,	NULL,	NULL,	NULL,	'17582070',	0,	1,	'2022-02-21 02:34:57',	1,	1),
(29,	'Mobin',	'Abbasi',	'mobin.ctinfotech@gmail.com',	NULL,	'',	'',	'',	NULL,	NULL,	NULL,	NULL,	NULL,	NULL,	NULL,	'1',	'1',	0,	NULL,	NULL,	'110004524643925210483',	NULL,	NULL,	'',	0,	1,	'2022-02-19 12:35:47',	0,	0),
(30,	'Zaid',	'Ansari',	'zaid@mailinator.com',	'$2a$10$vjQALG9v6WoPdhTsrttK4uMwNEISD7vdfQfP1WHY1ufaAoHmtI9Eq',	'',	'',	'',	NULL,	NULL,	NULL,	NULL,	NULL,	NULL,	NULL,	'1',	'1',	0,	NULL,	NULL,	NULL,	NULL,	'75988397',	'40579901',	0,	1,	'2022-02-19 13:04:02',	15,	0),
(31,	'Ajay',	'Kumar',	'ajaykumar@mailinator.com',	'$2a$10$afN3977HjJKlpdIBqs4hJuquj.AqVqcy/I46vctHeWHjKOPx5MURS',	'',	'',	'',	NULL,	NULL,	NULL,	NULL,	NULL,	NULL,	NULL,	'1',	'1',	0,	NULL,	NULL,	NULL,	NULL,	NULL,	'',	0,	1,	'2022-02-19 13:22:09',	16,	0),
(32,	'Mobbin',	'Abbasi',	'mobbin@mailinator.com',	'$2a$10$FciWXM4XhUVTRV2ssTq/zOPculJgGqQwJNk2MQjc2Rb7b7bktEMdG',	'',	'',	'',	NULL,	NULL,	NULL,	NULL,	NULL,	NULL,	NULL,	'1',	'1',	0,	NULL,	NULL,	NULL,	NULL,	NULL,	'',	0,	1,	'2022-02-19 13:28:57',	17,	0),
(33,	'asdasdasd',	'asdasdasd',	'asdasdasd@sdf.sdf',	'$2a$10$MjuLhFtvK5HrLADrgG3AguZN3c4p2WxOXlToZGrq7ed..6zpzJl7C',	'',	'',	'',	NULL,	NULL,	NULL,	NULL,	NULL,	NULL,	NULL,	'1',	'1',	0,	NULL,	NULL,	NULL,	NULL,	NULL,	'22559791',	0,	1,	'2022-02-21 05:23:47',	18,	0),
(34,	'Mobin',	'Abbasi',	'mobin.ctinfotech@yopmail.com',	'$2a$10$Qt1tNmNR4DjhG0yeqU7Eh.5x/r1phEJDpLwHPJ5iFlxv1nRiznBTe',	'',	'',	'',	NULL,	NULL,	NULL,	NULL,	NULL,	NULL,	NULL,	'1',	'1',	0,	NULL,	NULL,	NULL,	NULL,	NULL,	'35099340',	0,	1,	'2022-02-21 09:43:10',	19,	0),
(35,	'sadasd',	'asdasd',	'sdasdas@mail.com',	'$2a$10$DKGxXhWAX1r4ONGaQBrpCO.ubTelqT3/P9vQDpVbBPK0ygJIQN9n2',	'',	'',	'',	NULL,	NULL,	NULL,	NULL,	NULL,	NULL,	NULL,	'1',	'1',	0,	NULL,	NULL,	NULL,	NULL,	NULL,	'74933196',	0,	1,	'2022-02-21 09:55:03',	20,	0),
(36,	'asdf',	'asd',	'asdasd@sdfsdf.sedgf',	'$2a$10$2DdI/Abh/cIMozvlM/nt/eK9JYXyI9EzogpFAb.USAoT3cVlApys.',	'',	'',	'',	NULL,	NULL,	NULL,	NULL,	NULL,	NULL,	NULL,	'1',	'1',	0,	NULL,	NULL,	NULL,	NULL,	NULL,	'81619087',	0,	1,	'2022-02-21 10:59:26',	21,	0),
(37,	'kamlesh',	'Sharma',	'kamlesh@gmail.com',	NULL,	'',	'',	'05454545454',	NULL,	'React Native Developer',	NULL,	NULL,	NULL,	NULL,	NULL,	'2',	'2',	4,	NULL,	NULL,	NULL,	NULL,	NULL,	'97987775',	0,	1,	'2022-02-21 13:37:32',	1,	1),
(38,	'Kamlesh',	'Sharma',	'kamlesh.cti@gmail.com',	NULL,	'',	'',	'05454545454',	NULL,	'React & Javascript Developer',	NULL,	NULL,	NULL,	NULL,	NULL,	'4',	'2',	4,	NULL,	NULL,	NULL,	NULL,	NULL,	'73153199',	0,	1,	'2022-02-23 10:40:42',	1,	1),
(39,	'Mobin',	'Abbasi',	'mobin@mailinator.com',	NULL,	'',	'',	'1234567890',	NULL,	'Designer',	NULL,	NULL,	NULL,	NULL,	NULL,	'4',	'2',	4,	NULL,	NULL,	NULL,	NULL,	NULL,	'11631097',	0,	1,	'2022-03-02 05:34:23',	1,	1),
(40,	'kabir',	'singh',	'kabir@mail.com',	NULL,	'',	'',	'7788995454',	NULL,	'React Native Developer',	NULL,	NULL,	NULL,	NULL,	NULL,	'2',	'2',	3,	NULL,	NULL,	NULL,	NULL,	NULL,	'51977965',	0,	1,	'2022-02-22 10:29:51',	1,	1),
(41,	'Disco',	'john',	'disco@mailinator.com',	NULL,	'',	'',	'0123456987',	NULL,	'Developer',	NULL,	NULL,	NULL,	NULL,	NULL,	'4',	'2',	4,	NULL,	NULL,	NULL,	NULL,	NULL,	'61359899',	0,	1,	'2022-02-23 06:40:04',	1,	1),
(42,	'Nayan',	'Jii',	'nayan@mailinator.com',	NULL,	'',	'',	'1234567890',	NULL,	'React & Javascript Devs',	NULL,	NULL,	NULL,	NULL,	NULL,	'3',	'2',	4,	NULL,	NULL,	NULL,	NULL,	NULL,	'22198619',	0,	1,	'2022-02-23 10:18:50',	1,	1),
(43,	'Sultan Alam',	'Rangrez',	'sultan@mailinator.com',	NULL,	'',	'',	'7412589630',	NULL,	'Founder',	NULL,	NULL,	NULL,	NULL,	NULL,	'1',	'2',	3,	NULL,	NULL,	NULL,	NULL,	NULL,	'57540043',	0,	1,	'2022-02-28 08:05:55',	1,	1),
(44,	'testing',	'user',	'test@mail.com',	NULL,	'',	'',	'1234567890',	NULL,	'testing',	NULL,	NULL,	NULL,	NULL,	NULL,	'4',	'2',	4,	NULL,	NULL,	NULL,	NULL,	NULL,	'77293106',	0,	1,	'2022-02-24 07:48:27',	1,	1),
(45,	'raja',	'reh',	'ra.eh@ho.com',	NULL,	'',	'',	'0432456765',	NULL,	'Vo, Master',	NULL,	NULL,	NULL,	NULL,	NULL,	'1',	'2',	4,	NULL,	NULL,	NULL,	NULL,	NULL,	'50624764',	0,	1,	'2022-02-28 08:17:43',	1,	1),
(46,	'kabir',	'sharma',	'kabir22233@mailinator.com',	NULL,	'',	'',	'7858968985',	NULL,	'web developer',	NULL,	NULL,	NULL,	NULL,	NULL,	'2',	'2',	2,	NULL,	NULL,	NULL,	NULL,	NULL,	'84372848',	0,	1,	'2022-02-28 09:57:42',	1,	1),
(47,	'testing',	'testing1',	'testingone@gmail.com',	NULL,	'',	'',	'9988778899',	NULL,	'full stack developer',	NULL,	NULL,	NULL,	NULL,	NULL,	'3',	'2',	3,	NULL,	NULL,	NULL,	NULL,	NULL,	'55736041',	0,	1,	'2022-03-01 10:36:31',	1,	1),
(48,	'Himanshu',	'Pal',	'himanshu@gmail.com',	NULL,	'',	'',	'0011223344',	NULL,	'IOS Developer',	NULL,	NULL,	NULL,	NULL,	NULL,	'2',	'2',	3,	NULL,	NULL,	NULL,	NULL,	NULL,	'21861283',	0,	1,	'2022-03-01 10:38:23',	1,	1),
(49,	'Dee',	'Roger',	're@re.com',	NULL,	'',	'',	'0413234567',	NULL,	'General Manager',	NULL,	NULL,	NULL,	NULL,	NULL,	'3',	'2',	2,	NULL,	NULL,	NULL,	NULL,	NULL,	'61778278',	0,	1,	'2022-03-03 21:00:01',	1,	1),
(50,	'karan',	'singh',	'karan822859@mailinator.com',	NULL,	'',	'1,2,3,4',	'7856985696',	NULL,	'web developer',	NULL,	NULL,	NULL,	NULL,	NULL,	'3',	'2',	1,	NULL,	NULL,	NULL,	NULL,	NULL,	'21949163',	0,	1,	'2022-03-05 05:50:12',	1,	1),
(51,	'Angel',	'Priya',	'angel@mailinator.com',	'$2a$10$71SPGML.emgIMBdPMqJvwuNJhyn1lVTVNZJR4xMc.9t66m/KCMOiS',	'',	'',	'',	NULL,	NULL,	NULL,	NULL,	NULL,	NULL,	NULL,	'1',	'1',	0,	NULL,	NULL,	NULL,	NULL,	NULL,	'',	0,	1,	'2022-03-05 06:23:16',	22,	0),
(52,	'karan',	'singh',	'karan222822859@mailinator.com',	NULL,	'',	'',	'7856985696',	NULL,	'web developer',	NULL,	NULL,	NULL,	NULL,	NULL,	'3',	'2',	1,	NULL,	NULL,	NULL,	NULL,	NULL,	'61543407',	0,	1,	'2022-03-05 12:52:25',	1,	1),
(53,	'karan',	'singh',	'karan22244822859@mailinator.com',	NULL,	'',	'',	'7856985696',	NULL,	'web developer',	NULL,	NULL,	NULL,	NULL,	NULL,	'3',	'2',	1,	NULL,	NULL,	NULL,	NULL,	NULL,	'58162781',	0,	1,	'2022-03-05 12:52:43',	1,	1),
(54,	'karan',	'singh',	'karan21112244822859@mailinator.com',	NULL,	'',	'',	'7856985696',	NULL,	'web developer',	NULL,	NULL,	NULL,	NULL,	NULL,	'3',	'2',	1,	NULL,	NULL,	NULL,	NULL,	NULL,	'99035029',	0,	1,	'2022-03-05 13:23:25',	1,	1),
(55,	'karan',	'singh',	'karan21111112244822859@mailinator.com',	NULL,	'',	'NaN,1,2,3',	'7856985696',	NULL,	'web developer',	NULL,	NULL,	NULL,	NULL,	NULL,	'3',	'2',	1,	NULL,	NULL,	NULL,	NULL,	NULL,	'16729059',	0,	1,	'2022-03-07 11:59:02',	1,	1),
(56,	'karan',	'singh',	'karan21222111112244822859@mailinator.com',	NULL,	'',	',1,2,3',	'7856985696',	NULL,	'web developer',	NULL,	NULL,	NULL,	NULL,	NULL,	'3',	'2',	1,	NULL,	NULL,	NULL,	NULL,	NULL,	'66124547',	0,	1,	'2022-03-05 13:26:11',	1,	1),
(57,	'karan',	'singh',	'karan212211112111112244822859@mailinator.com',	NULL,	'',	',1,2,3,5,6',	'7856985696',	NULL,	'web developer',	NULL,	NULL,	NULL,	NULL,	NULL,	'3',	'2',	1,	NULL,	NULL,	NULL,	NULL,	NULL,	'84477204',	0,	1,	'2022-03-05 13:27:32',	1,	1),
(58,	'karan',	'singh',	'karan21222233311112111112244822859@mailinator.com',	NULL,	'',	'1,2,3,5,6,16',	'7856985696',	NULL,	'web developer',	NULL,	NULL,	NULL,	NULL,	NULL,	'3',	'2',	1,	NULL,	NULL,	NULL,	NULL,	NULL,	'79623278',	0,	1,	'2022-03-23 21:44:32',	1,	1),
(59,	'karan',	'singh',	'karan333321222233311112111112244822859@mailinator.com',	NULL,	'',	'',	'7856985696',	NULL,	'web developer',	NULL,	NULL,	NULL,	NULL,	NULL,	'3',	'2',	1,	NULL,	NULL,	NULL,	NULL,	NULL,	'23765450',	0,	1,	'2022-03-05 13:36:32',	1,	1),
(60,	'Angel',	'Angel',	'angels@mailinator.com',	NULL,	'',	'',	'9988779966',	NULL,	'Task Person',	NULL,	NULL,	NULL,	NULL,	NULL,	'1',	'2',	1,	NULL,	NULL,	NULL,	NULL,	NULL,	'82423613',	0,	1,	'2022-03-07 05:00:40',	1,	1),
(61,	'Prem',	'Chopra',	'prem@mailinator.com',	NULL,	'',	'NaN',	'7788994466',	NULL,	'Photographer',	NULL,	NULL,	NULL,	NULL,	NULL,	'3',	'2',	4,	NULL,	NULL,	NULL,	NULL,	NULL,	'57713464',	0,	1,	'2022-03-07 12:19:32',	1,	1),
(62,	'Team',	'adding',	'team@mailinator.com',	NULL,	'',	'NaN,16,17',	'9988776655',	NULL,	'Operator',	NULL,	NULL,	NULL,	NULL,	NULL,	'2',	'2',	1,	NULL,	NULL,	NULL,	NULL,	NULL,	'42356614',	0,	1,	'2022-03-10 07:24:47',	1,	1),
(63,	'Raja',	'Ram',	'raja@ram.co',	'$2a$10$UGoFt.CdVtycO7oGCTwFs.trq44kpZ2JXp/4E/DdvB2qV3mFOA9vq',	'',	'',	'',	NULL,	NULL,	NULL,	NULL,	NULL,	NULL,	NULL,	'1',	'1',	0,	NULL,	NULL,	NULL,	NULL,	NULL,	'57547747',	0,	1,	'2022-03-07 07:16:40',	23,	0),
(64,	'Prem',	'Chopra',	'premchopra@mailinator.com',	'$2a$10$cejeKOvBOKZQrdFu345LhexclSOvwV3dj3GpaTPGF3TE5uAkNAodS',	'',	'',	'',	NULL,	NULL,	NULL,	NULL,	NULL,	NULL,	NULL,	'1',	'1',	0,	NULL,	NULL,	NULL,	NULL,	NULL,	'',	0,	1,	'2022-03-07 10:50:20',	24,	0),
(65,	'Rohit',	'Sharma',	'rohit@mailinator.com',	NULL,	'',	'NaN,16',	'08321765785',	NULL,	'Cricketer',	NULL,	NULL,	NULL,	NULL,	NULL,	'2',	'2',	2,	NULL,	NULL,	NULL,	NULL,	NULL,	'93799719',	0,	1,	'2022-04-15 02:59:24',	1,	1),
(66,	'recent',	'person',	'recent@mailinator.com',	NULL,	'',	'NaN,18',	'9988776655',	NULL,	'Operator',	NULL,	NULL,	NULL,	NULL,	NULL,	'4',	'2',	2,	NULL,	NULL,	NULL,	NULL,	NULL,	'59920329',	0,	1,	'2022-04-15 02:49:09',	1,	1),
(67,	'testing',	'user',	'testinguser@mailinator.com',	NULL,	'',	'NaN,17',	'9988776655',	NULL,	'Photographer',	NULL,	NULL,	NULL,	NULL,	NULL,	'4',	'2',	3,	NULL,	NULL,	NULL,	NULL,	NULL,	'78844362',	0,	1,	'2022-03-28 06:55:33',	1,	1),
(68,	'checking',	'again',	'checking@mailinator.com',	NULL,	'',	'NaN,17',	'8899776655',	NULL,	'Developer',	NULL,	NULL,	NULL,	NULL,	NULL,	'2',	'2',	2,	NULL,	NULL,	NULL,	NULL,	NULL,	'28126749',	0,	1,	'2022-04-15 02:54:58',	1,	1),
(69,	'Shilpa',	'Desikachar',	'shilpa.desikachar@gmail.com',	NULL,	'',	'18,19',	'61452264123',	NULL,	'CMO',	NULL,	NULL,	NULL,	NULL,	NULL,	'1',	'2',	2,	NULL,	NULL,	NULL,	NULL,	NULL,	'97553614',	0,	1,	'2022-04-13 12:13:09',	1,	1),
(70,	'Kamlesh',	'Sharma',	'kamlesh@mailinator.com',	'$2a$10$uW5WM1ajY0ug.UBnIjz3vOQ0n/YoshuwVPj9eHZ82QxgjlgWXpxz2',	'',	'',	'',	NULL,	NULL,	NULL,	NULL,	NULL,	NULL,	NULL,	'1',	'1',	0,	NULL,	NULL,	NULL,	NULL,	NULL,	'',	0,	1,	'2022-04-08 12:06:40',	25,	0),
(71,	'Jane',	'Goodwin',	'JGoodwin@gmail.com',	NULL,	'',	'18',	'0452264123',	NULL,	'Head of Procurement',	NULL,	NULL,	NULL,	NULL,	NULL,	'3',	'2',	3,	NULL,	NULL,	NULL,	NULL,	NULL,	'75421393',	0,	1,	'2022-04-09 00:48:43',	1,	1),
(72,	'asdasd',	'asdasd',	'asdasdasd@assdasd.dgh',	'$2a$10$kps099srNm0VXb.l7JPCkuhOUtVf8rBd28mDy.I8IMWTIL/00Uxj6',	'',	'',	'',	NULL,	NULL,	NULL,	NULL,	NULL,	NULL,	NULL,	'1',	'1',	0,	NULL,	NULL,	NULL,	NULL,	NULL,	'65875353',	0,	1,	'2022-04-13 07:40:41',	26,	0),
(73,	'Taylor',	'Smith',	'tsmith@gmail.com',	NULL,	'',	'20,17',	'1234567890',	NULL,	'CEO',	NULL,	NULL,	NULL,	NULL,	NULL,	'3',	'2',	1,	NULL,	NULL,	NULL,	NULL,	NULL,	'19467214',	0,	1,	'2022-04-15 06:56:30',	1,	1),
(74,	'Mobin',	'Abbasi',	'wooo1@mailinator.com',	NULL,	'',	'16,19',	'7854963210',	NULL,	'Founder',	NULL,	NULL,	NULL,	NULL,	NULL,	'5',	'2',	3,	NULL,	NULL,	NULL,	NULL,	NULL,	'13095241',	0,	1,	'2022-05-03 04:22:15',	1,	1),
(75,	'Angel',	'Dice',	'angeldice@mailinator.com',	'$2a$10$f9UCROiFBSfzAEsXYIKbguMt/Tso/8qUpP0pPWwUk1J4Yc2wXm3FG',	'',	'16',	'1234567890',	NULL,	'Photographer',	NULL,	NULL,	NULL,	NULL,	NULL,	'1',	'2',	1,	NULL,	NULL,	NULL,	NULL,	'',	'',	0,	1,	'2022-05-07 07:24:34',	1,	1),
(76,	'karan',	'sharma',	'karan224@mailinator.com',	'$2a$10$sNFt4ukARkkPmysFLDFAfOvlg4pg01c7B/2TmUi42QxQeOpRka4Nm',	'',	'',	'',	NULL,	NULL,	NULL,	NULL,	NULL,	NULL,	NULL,	'1',	'1',	0,	NULL,	NULL,	NULL,	NULL,	NULL,	'28687853',	0,	1,	'2022-05-04 05:39:52',	27,	0),
(77,	'vijay',	'kumar',	'vijay556@mailinator.com',	'$2a$10$/DsIiypJvlHMrblP4We.KOk0Nvnq3emsHv1BivezHshVSzEDu8yvG',	'',	'',	'',	NULL,	NULL,	NULL,	NULL,	NULL,	NULL,	NULL,	'1',	'1',	0,	NULL,	NULL,	NULL,	NULL,	NULL,	'85910372',	0,	1,	'2022-05-04 05:44:30',	28,	0),
(78,	'ramesh',	'kumar',	'ramesh889@mailinator.com',	'$2a$10$ef8abCH6KEp8fVaRSBiLnOnC15CBfnbldaNUTev8J.1IX0AJNKkaW',	'',	'',	'',	NULL,	NULL,	NULL,	NULL,	NULL,	NULL,	NULL,	'1',	'1',	0,	NULL,	NULL,	NULL,	NULL,	NULL,	'',	0,	1,	'2022-05-04 05:56:28',	29,	0),
(79,	'rajiv',	'nigam',	'rajiv442@mailinator.com',	NULL,	'',	'',	'7845128596',	NULL,	'web dev',	NULL,	NULL,	NULL,	NULL,	NULL,	'1',	'2',	2,	NULL,	NULL,	NULL,	NULL,	NULL,	'21759415',	0,	1,	'2022-05-04 06:22:26',	29,	78),
(80,	'karan',	'singh',	'raman223@mailinator.com',	NULL,	'',	'',	'7856985696',	NULL,	'web developer',	NULL,	NULL,	NULL,	NULL,	NULL,	'3',	'2',	1,	NULL,	NULL,	NULL,	NULL,	NULL,	'75372010',	0,	1,	'2022-05-04 06:41:52',	29,	78),
(81,	'karan',	'singh',	'raman131@mailinator.com',	'$2a$10$1O9t8LRVJpn14seCrxqmXOMTUAx41V5XxyC3A3X2HlCk44MlfMsCe',	'',	'',	'7856985696',	NULL,	'web developer',	NULL,	NULL,	NULL,	NULL,	NULL,	'3',	'2',	1,	NULL,	NULL,	NULL,	NULL,	NULL,	'32501643',	0,	1,	'2022-05-04 06:51:05',	29,	78),
(82,	'kisan',	'singh',	'ravi112@mailinator.com',	'$2a$10$Nj8VVMa6nbzwm/6BzVPJ6.06a/e6c5pwf7nhcrgenE2cZeWNkVotO',	'',	'',	'7856985611',	NULL,	'web developer',	NULL,	NULL,	NULL,	NULL,	NULL,	'3',	'2',	1,	NULL,	NULL,	NULL,	NULL,	NULL,	'',	0,	1,	'2022-05-04 06:53:10',	29,	78),
(83,	'Roger',	'Federer',	'Roger@mailinator.com',	'$2a$10$Rtez3YxFL4H1LUI9pBzziOYH2cNCM959zpDq2Jn0zY.qCY8TEvXci',	'',	'',	'',	NULL,	NULL,	NULL,	NULL,	NULL,	NULL,	NULL,	'1',	'1',	0,	NULL,	NULL,	NULL,	NULL,	NULL,	'75379666',	0,	1,	'2022-05-08 03:52:13',	30,	0),
(84,	'Roger',	'Ramjet',	'roger.ramjet@rogerramjet.com',	'$2a$10$Ct0.PkAUvUVcsVjiArOZpO5ZjmcuxiDkTxmiIX6xIDHTmxsm1jdke',	'',	'NaN',	'0345678766',	NULL,	'Managing Director',	NULL,	NULL,	NULL,	NULL,	NULL,	'1',	'2',	1,	NULL,	NULL,	NULL,	NULL,	NULL,	'',	0,	1,	'2022-05-16 09:53:47',	1,	1),
(85,	'Raj',	'User',	'raj@mailinator.com',	'$2a$10$cTOgGfqr158.mrllIENEh.8RHWbxFkDb4CKmxko3lcXxIoGMKtVAW',	'',	'',	'',	NULL,	NULL,	NULL,	NULL,	NULL,	NULL,	NULL,	'1',	'1',	0,	NULL,	NULL,	NULL,	NULL,	NULL,	'',	0,	1,	'2022-05-09 05:25:42',	31,	0),
(86,	'Rock',	'Anderson',	'rock@mailinator.com',	'$2a$10$lFrKqNfCri6KFYph/zv0Z.rjYc/Oc3q/CdjQTnXBSv67PNuXzipBi',	'',	'16,17',	'1234567890',	NULL,	'Operator',	NULL,	NULL,	NULL,	NULL,	NULL,	'2',	'2',	3,	NULL,	NULL,	NULL,	NULL,	'',	'',	0,	1,	'2022-05-09 12:24:19',	1,	1),
(87,	'Ram',	'Laxman',	'ram@mailinator.com',	'$2a$10$P8kJPV3MCsi1oVy4U7q0Cu.hSlTFtjkBGP43H8weTJ/paUGmm/srm',	'',	'',	'',	NULL,	NULL,	NULL,	NULL,	NULL,	NULL,	NULL,	'1',	'1',	0,	NULL,	NULL,	NULL,	NULL,	NULL,	'',	0,	1,	'2022-05-09 11:16:58',	32,	0),
(88,	'user',	'one',	'user@mailinator.com',	'$2a$10$E2h54F2aynqc5cT7mh4Mpu6c5tCqJcKuo1t5bUXH5g5s0msHsrOmG',	'',	'',	'1234567890',	NULL,	'Developer',	NULL,	NULL,	NULL,	NULL,	NULL,	'2',	'2',	2,	NULL,	NULL,	NULL,	NULL,	NULL,	'',	0,	1,	'2022-05-09 11:23:09',	32,	87),
(89,	'Vasu',	'Srinivasan',	'sevalvasu@gmail.com',	'$2a$10$mLvKYSyxqbyksPqFTJa3YOTu8kqwzKU9qcqnPgGxYdDbE3MlCY31O',	'',	'17',	'0452264123',	NULL,	'Owner',	NULL,	NULL,	NULL,	NULL,	NULL,	'2',	'2',	2,	NULL,	NULL,	NULL,	NULL,	NULL,	'84679040',	0,	1,	'2022-05-12 07:59:29',	1,	1),
(90,	'Priya',	'Prakash',	'priya@mailinator.com',	'$2a$10$BG5GLkvoBHm5yxxDMjl4N.uy5tuYk4S1.m/bferbXFAVdkTj9RG.u',	'',	'',	'',	NULL,	NULL,	NULL,	NULL,	NULL,	NULL,	NULL,	'1',	'1',	0,	NULL,	NULL,	NULL,	NULL,	NULL,	'',	0,	1,	'2022-05-20 06:35:44',	33,	0),
(91,	'meena',	'test',	'meena@mailinator.com',	'$2a$10$dZd8Chu5sT4lnZZv7PYoE.lL7hveP32q3mh7q9J4J90xBUw6LvNQa',	'',	'16',	'7894561230',	NULL,	'Developer',	NULL,	NULL,	NULL,	NULL,	NULL,	'2',	'2',	1,	NULL,	NULL,	NULL,	NULL,	NULL,	'',	0,	1,	'2022-05-20 12:57:04',	1,	1),
(92,	'John',	'Doe',	'jdoe0613978@gmail.com',	'$2a$10$3O4cVkoTm4FW2ZthVfAyKuFvu5X/uUhscXAtH9Cg0HG9HsUpsHXja',	'',	'',	'',	NULL,	NULL,	NULL,	NULL,	NULL,	NULL,	NULL,	'1',	'1',	0,	NULL,	NULL,	NULL,	NULL,	NULL,	'',	0,	1,	'2022-05-23 08:18:11',	36,	0),
(93,	'Jane',	'Austen',	'jausten0613978@gmail.com',	'$2a$10$eNMpYMy2cbDY3zD6X0ZERuuX3iyMM4H4/n9lliPFzbFT4Y04GLCv2',	'',	'',	'',	NULL,	NULL,	NULL,	NULL,	NULL,	NULL,	NULL,	'1',	'1',	0,	NULL,	NULL,	NULL,	NULL,	NULL,	'',	0,	1,	'2022-05-23 08:24:57',	37,	0),
(94,	'Kathy',	'Rogers',	'KRogers0613978@gmail.com',	'$2a$10$U/jaYvCvQ3Yw44VYNndWM./iUpLfEArLvJnWJa3lTxLbIIYwxMMnu',	'',	'',	'0452264123',	NULL,	'CEO',	NULL,	NULL,	NULL,	NULL,	NULL,	'2',	'2',	2,	NULL,	NULL,	NULL,	NULL,	NULL,	'',	0,	1,	'2022-05-23 11:05:26',	36,	92),
(98,	'Zoya',	'Frank',	'zoya@mailinator.com',	'$2a$10$tu/M9.x7e4mQZOMSz1LZhO/M1ntCVdCJiNWNrGFk7Y2OGyUBVz08i',	'',	'',	'',	NULL,	NULL,	NULL,	NULL,	NULL,	NULL,	NULL,	'1',	'1',	0,	NULL,	NULL,	NULL,	NULL,	NULL,	'',	0,	1,	'2022-05-24 11:30:54',	41,	0),
(99,	'Steve',	'Smith',	'steve@mailinator.com',	'$2a$10$DAjKnrri7qe1/aRHkEMoW.cvsV7w1kfttwdB0kVERhiyY5tvNg72.',	'',	'',	'',	NULL,	NULL,	NULL,	NULL,	NULL,	NULL,	NULL,	'1',	'1',	0,	NULL,	NULL,	NULL,	NULL,	NULL,	'',	0,	1,	'2022-05-24 11:50:36',	42,	0),
(100,	'David',	'Dhawan',	'david@yopmail.com',	'$2a$10$ivq/6UML3RkrxQmILaBL/ekm.BT2vWE1WqWrcoR5qHRcAUPYgdMxS',	'',	'',	'',	NULL,	NULL,	NULL,	NULL,	NULL,	NULL,	NULL,	'1',	'1',	0,	NULL,	NULL,	NULL,	NULL,	NULL,	'',	0,	1,	'2022-05-24 11:58:48',	43,	0),
(102,	'Aman',	'Rajput',	'aman@yopmail.com',	'$2a$10$fks6uq/nWVxmbLD/E6qv4OXa8nb0hFjpCIVq9AoGZbrSdw7My0jBy',	'',	'',	'',	NULL,	NULL,	NULL,	NULL,	NULL,	NULL,	NULL,	'1',	'1',	0,	NULL,	NULL,	NULL,	NULL,	NULL,	'',	0,	1,	'2022-05-24 12:14:20',	45,	0),
(108,	'Naincy',	'Gupta',	'naincy@yopmail.com',	'$2a$10$ODrwHMmOFTrcZNCuBq.ahewOlfHjWCpFpdOE5wJYqYZGElq/MFFbO',	'',	'',	'',	NULL,	NULL,	NULL,	NULL,	NULL,	NULL,	NULL,	'1',	'1',	0,	NULL,	NULL,	NULL,	NULL,	NULL,	'',	0,	1,	'2022-05-24 13:09:04',	51,	0),
(109,	'raj',	'kumar',	'raj123@mailinator.com',	'$2a$10$w//YxnsYOyUGSVrqTKXb7urxaNZUN5WOhetz2j42TrIO1EU.b.cFu',	'',	'',	'',	NULL,	NULL,	NULL,	NULL,	NULL,	NULL,	NULL,	'1',	'1',	0,	NULL,	NULL,	NULL,	NULL,	NULL,	'',	0,	1,	'2022-05-24 13:10:36',	52,	0),
(110,	'Shubham',	'Subh',	'shubham@yopmail.com',	'$2a$10$TOkcsRp2T1ccMFkglSii1ujCvCxwipuFoSvpqN.LFGlalodq3SCqe',	'',	'',	'',	NULL,	NULL,	NULL,	NULL,	NULL,	NULL,	NULL,	'1',	'1',	0,	NULL,	NULL,	NULL,	NULL,	NULL,	'',	0,	1,	'2022-05-24 13:14:13',	53,	0),
(111,	'Romesh',	'Jha',	'romesh@yopmail.com',	'$2a$10$BYqU/y8ODyyQPKsbWnMDOeVdm/7maIfOnFOaMxsAPAYrH0pb8dq9i',	'',	'',	'1234567890',	NULL,	'Biker',	NULL,	NULL,	NULL,	NULL,	NULL,	'2',	'2',	3,	NULL,	NULL,	NULL,	NULL,	NULL,	'',	0,	1,	'2022-05-24 13:17:38',	53,	110),
(112,	'Romesh',	'Dada',	'dada@yopmail.com',	'$2a$10$b09neOIgayp7ivrnxTp.JeKthwC824rp90A98J7X/lomeoQreGcEe',	'',	'',	'',	NULL,	NULL,	NULL,	NULL,	NULL,	NULL,	NULL,	'1',	'1',	0,	NULL,	NULL,	NULL,	NULL,	NULL,	'',	0,	1,	'2022-05-25 10:19:38',	54,	0);

-- 2022-05-30 12:46:36
